DateTime,NO2(myg/m3),NOx(myg/m3),O3(myg/m3),CO(mg/m3)
2020/10/1 00:00:00,6.79,6.56,73.42,0.15
2020/10/1 00:30:00,5.93,6.04,74.18,0.14
2020/10/1 01:00:00,3.84,3.33,77.05,0.15
2020/10/1 01:30:00,3.71,3.5,75.08,0.15
2020/10/1 02:00:00,4.09,3.31,,0.15
2020/10/1 02:30:00,4.46,4.57,70.81,0.15
2020/10/1 03:00:00,4.21,4.11,67.95,0.15
2020/10/1 03:30:00,2.85,2.96,67.18,0.15
2020/10/1 04:00:00,3.16,2.51,67.87,0.15
2020/10/1 04:30:00,5.18,5.66,65.84,0.15
2020/10/1 05:00:00,,,,
2020/10/1 05:30:00,5.24,4.88,67.3,0.15
2020/10/1 06:00:00,7.08,6.96,64.86,0.15
2020/10/1 06:30:00,8.11,8.72,64.08,0.15
2020/10/1 07:00:00,6.18,6.71,64.78,0.15
2020/10/1 07:30:00,7.8,8.53,64.72,0.15
2020/10/1 08:00:00,9.45,10.31,62.01,0.15
2020/10/1 08:30:00,8.07,9.45,63.36,0.15
2020/10/1 09:00:00,5.7,6.27,61.63,0.15
2020/10/1 09:30:00,6.79,8.03,56.16,0.15
2020/10/1 10:00:00,7.65,9.7,53.82,0.15
2020/10/1 10:30:00,8.68,10.86,49.91,0.16
2020/10/1 11:00:00,6.41,7.23,52.71,0.15
2020/10/1 11:30:00,6.56,7.52,48.24,0.16
2020/10/1 12:00:00,6.81,7.23,43.07,0.18
2020/10/1 12:30:00,6.98,9.01,40.09,0.18
2020/10/1 13:00:00,19.18,25.63,27.46,0.17
2020/10/1 13:30:00,7.29,9.31,40.75,0.18
2020/10/1 14:00:00,6.41,7.8,44.01,0.17
2020/10/1 14:30:00,8.49,9.54,43.99,0.18
2020/10/1 15:00:00,5.87,6.58,48.44,0.18
2020/10/1 15:30:00,5.85,6.56,49.19,0.18
2020/10/1 16:00:00,5.85,6.29,50.05,0.18
2020/10/1 16:30:00,6.77,7.15,50.99,0.18
2020/10/1 17:00:00,5.41,5.7,52.77,0.18
2020/10/1 17:30:00,5.91,6.69,54.98,0.17
2020/10/1 18:00:00,5.11,5.16,55.36,0.17
2020/10/1 18:30:00,5.58,5.53,55.24,0.17
2020/10/1 19:00:00,5.45,5.18,55.38,0.17
2020/10/1 19:30:00,5.93,5.72,52.87,0.17
2020/10/1 20:00:00,5.24,5.53,53.86,0.17
2020/10/1 20:30:00,4.72,4.48,56.92,0.17
2020/10/1 21:00:00,7.42,6.67,53.54,0.17
2020/10/1 21:30:00,5.72,5.3,53.58,0.17
2020/10/1 22:00:00,4.49,4.7,53.11,0.18
2020/10/1 22:30:00,4.55,4.38,53.66,0.17
2020/10/1 23:00:00,3.98,3.86,53.94,0.18
2020/10/1 23:30:00,3.71,3.69,54.32,0.18
2020/10/2 00:00:00,3.9,3,53.56,0.18
2020/10/2 00:30:00,4,3.79,53.11,0.18
2020/10/2 01:00:00,5.11,5.18,51.47,0.18
2020/10/2 01:30:00,3.9,4.38,50.89,0.17
2020/10/2 02:00:00,4.86,5.37,48.58,0.18
2020/10/2 02:30:00,5.32,5.55,46.52,0.18
2020/10/2 03:00:00,5.07,5.05,,0.19
2020/10/2 03:30:00,5.99,5.66,42.61,0.19
2020/10/2 04:00:00,7.04,7.32,40.71,0.19
2020/10/2 04:30:00,5.79,6.25,43.31,0.19
2020/10/2 05:00:00,6.64,7.27,42.23,0.19
2020/10/2 05:30:00,8.07,8.8,40.13,0.19
2020/10/2 06:00:00,,,,
2020/10/2 06:30:00,15.43,17.79,31.61,0.21
2020/10/2 07:00:00,12.22,14.13,35.48,0.21
2020/10/2 07:30:00,11.28,13.54,37.2,0.21
2020/10/2 08:00:00,10.31,12.57,37.5,0.21
2020/10/2 08:30:00,8.01,10,38.36,0.21
2020/10/2 09:00:00,6.87,9.08,41.79,0.19
2020/10/2 09:30:00,5.85,7.82,50.01,0.19
2020/10/2 10:00:00,6.56,8.63,52.73,0.19
2020/10/2 10:30:00,,,52.77,0.18
2020/10/2 11:00:00,,,53.8,0.19
2020/10/2 11:30:00,,,55.9,0.19
2020/10/2 12:00:00,8.41,9.94,56.42,0.18
2020/10/2 12:30:00,,,54.68,0.18
2020/10/2 13:00:00,,,52.99,0.19
2020/10/2 13:30:00,7.48,8.87,53.82,0.19
2020/10/2 14:00:00,6.43,7.9,52.05,0.19
2020/10/2 14:30:00,6.25,6.71,49.83,0.21
2020/10/2 15:00:00,5.43,6.48,49.71,0.19
2020/10/2 15:30:00,4.3,5.11,52.49,0.19
2020/10/2 16:00:00,5.66,5.87,54.34,0.19
2020/10/2 16:30:00,5.97,6.33,57.58,0.19
2020/10/2 17:00:00,4.61,4.95,60.49,0.18
2020/10/2 17:30:00,4.63,4.9,65.3,0.19
2020/10/2 18:00:00,4.02,3.9,68.47,0.18
2020/10/2 18:30:00,5.26,5.37,67.59,0.19
2020/10/2 19:00:00,4.53,4.93,68.29,0.21
2020/10/2 19:30:00,4.74,5.13,67.1,0.21
2020/10/2 20:00:00,4.93,4.07,66.6,0.22
2020/10/2 20:30:00,5.11,4.95,66.02,0.21
2020/10/2 21:00:00,5.18,5.55,65.18,0.23
2020/10/2 21:30:00,5.18,5.55,65.22,0.22
2020/10/2 22:00:00,3.98,4,64.58,0.22
2020/10/2 22:30:00,3.9,4.59,63.88,0.24
2020/10/2 23:00:00,3.67,3.83,62.65,0.23
2020/10/2 23:30:00,3.9,3.9,61.37,0.22
2020/10/3 00:00:00,5.34,5.68,58.89,0.22
2020/10/3 00:30:00,4.15,4.07,59.27,0.22
2020/10/3 01:00:00,5.05,5.7,,0.22
2020/10/3 01:30:00,3.75,4.13,56.46,0.22
2020/10/3 02:00:00,3.1,3.17,54.4,0.23
2020/10/3 02:30:00,3.12,2.87,51.97,0.23
2020/10/3 03:00:00,3.08,3.17,49.87,0.22
2020/10/3 03:30:00,3.19,3.06,47.98,0.22
2020/10/3 04:00:00,,,,
2020/10/3 04:30:00,2.26,3.42,46.96,0.21
2020/10/3 05:00:00,2.64,3.54,49.95,0.21
2020/10/3 05:30:00,2.12,3.42,50.83,0.19
2020/10/3 06:00:00,3.17,3.83,49.69,0.21
2020/10/3 06:30:00,3.1,4.15,50.45,0.19
2020/10/3 07:00:00,4.48,6.25,48.06,0.21
2020/10/3 07:30:00,5.28,7.36,47.54,0.19
2020/10/3 08:00:00,3.48,5.07,47.28,0.21
2020/10/3 08:30:00,3.56,4.72,45.14,0.21
2020/10/3 09:00:00,5.03,8.2,45.52,0.21
2020/10/3 09:30:00,4.53,7.59,53.17,0.19
2020/10/3 10:00:00,10.08,15.41,48.56,0.21
2020/10/3 10:30:00,5.05,7.73,57.94,0.19
2020/10/3 11:00:00,5.74,8.49,57.96,0.19
2020/10/3 11:30:00,6.04,8.66,59.07,0.19
2020/10/3 12:00:00,5.32,8.28,59.39,0.19
2020/10/3 12:30:00,5.13,7.21,60.79,0.19
2020/10/3 13:00:00,6.75,9.03,59.27,0.19
2020/10/3 13:30:00,3.1,4.67,62.74,0.19
2020/10/3 14:00:00,3.02,3.48,61.43,0.19
2020/10/3 14:30:00,2.81,4.02,61.51,0.19
2020/10/3 15:00:00,3.52,4.93,61.27,0.19
2020/10/3 15:30:00,4.11,4.95,61.05,0.19
2020/10/3 16:00:00,3.4,4.38,62.11,0.19
2020/10/3 16:30:00,3.61,4.21,62.53,0.19
2020/10/3 17:00:00,3.31,4.3,63.98,0.19
2020/10/3 17:30:00,2.47,3.86,68.07,0.19
2020/10/3 18:00:00,2.91,4.21,68.47,0.19
2020/10/3 18:30:00,3.6,4.25,67.69,0.19
2020/10/3 19:00:00,2.1,2.89,65.52,0.19
2020/10/3 19:30:00,3.58,5.05,61.39,0.19
2020/10/3 20:00:00,2.95,4.61,59.93,0.21
2020/10/3 20:30:00,2.54,3.67,57.96,0.19
2020/10/3 21:00:00,2.77,3.31,57.08,0.21
2020/10/3 21:30:00,4.46,5.81,54.3,0.19
2020/10/3 22:00:00,4.15,4.61,54.52,0.21
2020/10/3 22:30:00,4.38,5.26,53.86,0.19
2020/10/3 23:00:00,4,5.14,54.06,0.21
2020/10/3 23:30:00,2.33,2.87,56.6,0.19
2020/10/4 00:00:00,2.22,2.79,57.16,0.21
2020/10/4 00:30:00,2.77,3.52,56.6,0.21
2020/10/4 01:00:00,3.19,5.01,55,0.19
2020/10/4 01:30:00,7.06,8.11,49.97,0.19
2020/10/4 02:00:00,3.58,4.61,,0.19
2020/10/4 02:30:00,4.55,5.79,51.49,0.19
2020/10/4 03:00:00,6.54,7.32,48.26,0.19
2020/10/4 03:30:00,7.48,8.19,46.96,0.21
2020/10/4 04:00:00,4.88,5.85,49.39,0.21
2020/10/4 04:30:00,6.22,5.95,48.08,0.21
2020/10/4 05:00:00,,,,
2020/10/4 05:30:00,7.23,7.04,44.1,0.22
2020/10/4 06:00:00,7.11,7.21,42.49,0.22
2020/10/4 06:30:00,8.28,8.28,39.91,0.22
2020/10/4 07:00:00,14.71,15.26,33.41,0.23
2020/10/4 07:30:00,11.02,11.34,37.08,0.23
2020/10/4 08:00:00,8.84,9.45,36.66,0.23
2020/10/4 08:30:00,9.98,10.81,33.09,0.24
2020/10/4 09:00:00,12.28,13.96,28.54,0.24
2020/10/4 09:30:00,8.38,10.6,31.15,0.21
2020/10/4 10:00:00,9.54,11.8,28.1,0.21
2020/10/4 10:30:00,10.25,12.76,31.43,0.21
2020/10/4 11:00:00,8.63,9.64,40.29,0.19
2020/10/4 11:30:00,7.82,9.52,43.39,0.19
2020/10/4 12:00:00,9.08,11.34,42.81,0.19
2020/10/4 12:30:00,8.17,10.17,44.18,0.18
2020/10/4 13:00:00,7.46,8.8,45.44,0.18
2020/10/4 13:30:00,8.13,9.54,51.37,0.17
2020/10/4 14:00:00,10.06,12.89,48.7,0.17
2020/10/4 14:30:00,9.68,11.49,49.95,0.17
2020/10/4 15:00:00,11.57,13.5,50.01,0.17
2020/10/4 15:30:00,16.08,19.58,47.28,0.18
2020/10/4 16:00:00,14.86,17.35,49.39,0.17
2020/10/4 16:30:00,16.83,17.61,48.46,0.18
2020/10/4 17:00:00,15.22,16.33,51.49,0.17
2020/10/4 17:30:00,13.52,14.21,54.82,0.18
2020/10/4 18:00:00,12.01,12.72,57.12,0.16
2020/10/4 18:30:00,14.69,15.28,54.1,0.17
2020/10/4 19:00:00,13.29,13.98,55.14,0.16
2020/10/4 19:30:00,14.17,14.27,52.99,0.17
2020/10/4 20:00:00,11.74,11.51,54.28,0.17
2020/10/4 20:30:00,10.38,10.42,56,0.15
2020/10/4 21:00:00,7.38,7.29,57.96,0.15
2020/10/4 21:30:00,5.93,5.85,57.66,0.14
2020/10/4 22:00:00,6.5,7.17,55.96,0.14
2020/10/4 22:30:00,6.18,6.66,56.26,0.14
2020/10/4 23:00:00,5.95,6.81,56.2,0.13
2020/10/4 23:30:00,7.29,7.73,54.04,0.14
2020/10/5 00:00:00,7.36,7.52,53.42,0.13
2020/10/5 00:30:00,11.36,11.65,46.4,0.13
2020/10/5 01:00:00,10.17,10.17,46.96,0.13
2020/10/5 01:30:00,7.11,7.25,49.35,0.13
2020/10/5 02:00:00,11.19,11.69,46.38,0.13
2020/10/5 02:30:00,7.75,7.99,50.67,0.13
2020/10/5 03:00:00,7.1,7.67,,0.13
2020/10/5 03:30:00,8.4,8.78,54.98,0.13
2020/10/5 04:00:00,8.49,8.17,55.32,0.11
2020/10/5 04:30:00,12.34,13.02,48.97,0.13
2020/10/5 05:00:00,17.4,18.23,43.71,0.14
2020/10/5 05:30:00,23.22,24.73,40.73,0.14
2020/10/5 06:00:00,,,,
2020/10/5 06:30:00,25.57,28.08,38.86,0.18
2020/10/5 07:00:00,24.79,28.4,40.73,0.17
2020/10/5 07:30:00,21.69,26.12,46.74,0.17
2020/10/5 08:00:00,18.09,22.2,48.95,0.16
2020/10/5 08:30:00,17.96,22.53,48.3,0.16
2020/10/5 09:00:00,14.13,19.45,52.63,0.17
2020/10/5 09:30:00,9.45,13.6,57.96,0.16
2020/10/5 10:00:00,10.5,13.9,58.33,0.17
2020/10/5 10:30:00,11.72,15.93,56.98,0.17
2020/10/5 11:00:00,11.9,14.57,57.28,0.17
2020/10/5 11:30:00,9.01,12.26,62.68,0.17
2020/10/5 12:00:00,9.83,13.56,64.32,0.16
2020/10/5 12:30:00,7.5,9.77,71.31,0.15
2020/10/5 13:00:00,12.97,16.54,67.35,0.15
2020/10/5 13:30:00,8.76,10.88,73.34,0.15
2020/10/5 14:00:00,9.08,11.55,74.54,0.15
2020/10/5 14:30:00,6.46,7.57,76.24,0.15
2020/10/5 15:00:00,6.56,7.92,72.84,0.16
2020/10/5 15:30:00,6.06,6.79,71.55,0.16
2020/10/5 16:00:00,8.17,8.64,66.02,0.16
2020/10/5 16:30:00,10.88,11.88,60.87,0.17
2020/10/5 17:00:00,11.13,11.9,58.99,0.17
2020/10/5 17:30:00,6.35,6.88,63.3,0.17
2020/10/5 18:00:00,5.13,5.14,70.25,0.18
2020/10/5 18:30:00,6.29,6.62,67.95,0.18
2020/10/5 19:00:00,6.52,6.37,66.88,0.18
2020/10/5 19:30:00,6.22,6.62,65.74,0.18
2020/10/5 20:00:00,7.08,7.31,62.59,0.19
2020/10/5 20:30:00,6.48,5.89,61.31,0.19
2020/10/5 21:00:00,5.36,5.72,60.45,0.19
2020/10/5 21:30:00,6.67,6.73,57.96,0.19
2020/10/5 22:00:00,9.28,9.47,52.87,0.19
2020/10/5 22:30:00,22.19,22.17,37.44,0.21
2020/10/5 23:00:00,9.64,9.72,58.45,0.18
2020/10/5 23:30:00,4.11,4.13,68.93,0.17
2020/10/6 00:00:00,4.88,4.99,67.55,0.17
2020/10/6 00:30:00,4.09,3.73,67.69,0.17
2020/10/6 01:00:00,4.57,4.74,,0.17
2020/10/6 01:30:00,5.28,5.24,59.15,0.17
2020/10/6 02:00:00,,,51.21,
2020/10/6 02:30:00,6.6,6.29,47.94,0.17
2020/10/6 03:00:00,6.5,6.71,44.14,0.18
2020/10/6 03:30:00,7.71,7.84,39.3,0.17
2020/10/6 04:00:00,,,,
2020/10/6 04:30:00,12.07,11.36,30.71,0.17
2020/10/6 05:00:00,14.99,14.17,29.3,0.17
2020/10/6 05:30:00,19.34,18.95,24.77,0.18
2020/10/6 06:00:00,26.49,27.18,18.94,0.19
2020/10/6 06:30:00,24.33,26.11,21.21,0.18
2020/10/6 07:00:00,20.69,23.58,25.82,0.19
2020/10/6 07:30:00,18.53,22.19,27.58,0.18
2020/10/6 08:00:00,12.97,13.92,35.66,0.17
2020/10/6 08:30:00,11.49,14.02,39.61,0.19
2020/10/6 09:00:00,9.83,12.66,42.79,0.17
2020/10/6 09:30:00,10.86,14.04,44.62,0.18
2020/10/6 10:00:00,8.87,10.84,45.86,0.18
2020/10/6 10:30:00,9.22,10.37,43.61,0.17
2020/10/6 11:00:00,9.08,11.09,45.6,0.16
2020/10/6 11:30:00,9.51,10.86,50.45,0.16
2020/10/6 12:00:00,11.13,13.16,47.1,0.16
2020/10/6 12:30:00,11.17,13.41,46.16,0.16
2020/10/6 13:00:00,12.7,14.44,42.47,0.16
2020/10/6 13:30:00,9.45,10.58,50.15,0.16
2020/10/6 14:00:00,13.62,15.89,39.77,0.17
2020/10/6 14:30:00,10.4,10.96,37.96,0.18
2020/10/6 15:00:00,11.4,11.26,37.68,0.18
2020/10/6 15:30:00,12.14,12.41,36.8,0.19
2020/10/6 16:00:00,12.57,12.3,36.34,0.19
2020/10/6 16:30:00,12.74,12.7,37.3,0.19
2020/10/6 17:00:00,12.87,13.18,39.93,0.19
2020/10/6 17:30:00,11.59,11.13,41.35,0.19
2020/10/6 18:00:00,12.09,11.46,41.97,0.19
2020/10/6 18:30:00,10.94,10.27,44.6,0.18
2020/10/6 19:00:00,9.81,8.93,47.9,0.18
2020/10/6 19:30:00,8.7,8.36,49.69,0.17
2020/10/6 20:00:00,9.79,8.53,46.92,0.18
2020/10/6 20:30:00,14.04,13.6,39.42,0.18
2020/10/6 21:00:00,11.76,11.28,40.51,0.17
2020/10/6 21:30:00,10.5,9.79,43.93,0.16
2020/10/6 22:00:00,9.28,8.26,45.54,0.17
2020/10/6 22:30:00,9.07,8.03,44.28,0.16
2020/10/6 23:00:00,8.13,7.5,45.04,0.16
2020/10/6 23:30:00,5.89,5.36,47.42,0.15
2020/10/7 00:00:00,5.43,4.84,47.8,0.14
2020/10/7 00:30:00,6.81,6.25,44.88,0.15
2020/10/7 01:00:00,7.31,6.35,43.65,0.16
2020/10/7 01:30:00,8.22,7.1,44.72,0.15
2020/10/7 02:00:00,7.4,7.13,,0.15
2020/10/7 02:30:00,7.88,7.08,42.85,0.16
2020/10/7 03:00:00,8.36,7.71,40.57,0.17
2020/10/7 03:30:00,11.69,11.13,33.65,0.17
2020/10/7 04:00:00,14.76,14.55,29.74,0.17
2020/10/7 04:30:00,6.22,5.87,42.75,0.15
2020/10/7 05:00:00,,,,
2020/10/7 05:30:00,12.81,13.83,39.47,0.16
2020/10/7 06:00:00,14.36,15.59,38.44,0.16
2020/10/7 06:30:00,13.27,14.57,39.04,0.17
2020/10/7 07:00:00,13.44,13.92,38.56,0.17
2020/10/7 07:30:00,12.68,14.02,41.67,0.17
2020/10/7 08:00:00,10.65,12.24,45.6,0.16
2020/10/7 08:30:00,10.82,12.49,45.16,0.17
2020/10/7 09:00:00,11.3,13.94,46.12,0.16
2020/10/7 09:30:00,8.64,10.96,48.91,0.17
2020/10/7 10:00:00,6.25,8.36,53.6,0.15
2020/10/7 10:30:00,6.79,9.39,50.13,0.15
2020/10/7 11:00:00,6.06,8.87,52.27,0.15
2020/10/7 11:30:00,7.71,9.58,51.91,0.15
2020/10/7 12:00:00,6.31,8.34,53.96,0.15
2020/10/7 12:30:00,7.71,9.08,55.08,0.16
2020/10/7 13:00:00,5.93,7.86,58.85,0.15
2020/10/7 13:30:00,4.82,6.62,62.68,0.14
2020/10/7 14:00:00,6.16,8.03,62.47,0.15
2020/10/7 14:30:00,7.76,10.25,62.09,0.15
2020/10/7 15:00:00,7.69,10,58.41,0.16
2020/10/7 15:30:00,7.59,8.93,59.87,0.15
2020/10/7 16:00:00,8.72,9.83,56.86,0.15
2020/10/7 16:30:00,8.7,9.6,58.57,0.16
2020/10/7 17:00:00,10.92,11.46,51.69,0.17
2020/10/7 17:30:00,12.6,13.58,48.64,0.17
2020/10/7 18:00:00,12.11,13.22,48.97,0.16
2020/10/7 18:30:00,10.81,11.59,52.75,0.17
2020/10/7 19:00:00,10.29,10.23,56.96,0.17
2020/10/7 19:30:00,11.46,11.9,58.71,0.16
2020/10/7 20:00:00,11.42,12.14,56.76,0.17
2020/10/7 20:30:00,10,10.82,56.74,0.17
2020/10/7 21:00:00,9.05,9.54,55.58,0.16
2020/10/7 21:30:00,9.1,9.39,53.84,0.16
2020/10/7 22:00:00,8.74,9.43,51.53,0.17
2020/10/7 22:30:00,7.65,8.28,51.45,0.16
2020/10/7 23:00:00,6.56,7.57,53.35,0.15
2020/10/7 23:30:00,5.51,6.06,53.74,0.15
2020/10/8 00:00:00,4.97,5.32,51.91,0.16
2020/10/8 00:30:00,5.36,5.64,49.47,0.15
2020/10/8 01:00:00,5.18,6.01,48.22,0.16
2020/10/8 01:30:00,5.57,5.74,46.36,0.16
2020/10/8 02:00:00,4.63,4.95,46.68,0.15
2020/10/8 02:30:00,4.74,5.14,47.3,0.16
2020/10/8 03:00:00,4.23,4.36,,0.14
2020/10/8 03:30:00,4.07,3.96,49.29,0.15
2020/10/8 04:00:00,4.88,5.36,51.55,0.14
2020/10/8 04:30:00,4.99,5.58,54.08,0.15
2020/10/8 05:00:00,5.81,5.85,55.38,0.14
2020/10/8 05:30:00,8.82,9.01,51.07,0.15
2020/10/8 06:00:00,,,,
2020/10/8 06:30:00,14.11,14.96,48.16,0.18
2020/10/8 07:00:00,13.73,15.55,48.08,0.19
2020/10/8 07:30:00,11.8,13.27,50.47,0.18
2020/10/8 08:00:00,10.21,11.9,52.31,0.18
2020/10/8 08:30:00,9.29,10.6,51.11,0.18
2020/10/8 09:00:00,9.51,12.11,47.98,0.18
2020/10/8 09:30:00,7.92,10.37,49.71,0.18
2020/10/8 10:00:00,8.66,11.13,48.26,0.18
2020/10/8 10:30:00,7.52,9.22,49.87,0.17
2020/10/8 11:00:00,6.92,8.55,52.91,0.16
2020/10/8 11:30:00,7.5,9.49,50.67,0.17
2020/10/8 12:00:00,8.49,10.75,47.66,0.17
2020/10/8 12:30:00,9.18,11.61,46.96,0.17
2020/10/8 13:00:00,9.72,11.36,46.56,0.17
2020/10/8 13:30:00,9.98,11.93,47.36,0.17
2020/10/8 14:00:00,10.63,12.32,47.94,0.18
2020/10/8 14:30:00,14.21,17.38,45.96,0.18
2020/10/8 15:00:00,16.56,18.51,46.4,0.18
2020/10/8 15:30:00,18.17,19.81,43.11,0.19
2020/10/8 16:00:00,17.65,19.09,49.13,0.19
2020/10/8 16:30:00,15.32,17.27,53.9,0.19
2020/10/8 17:00:00,13.46,15.13,54.22,0.19
2020/10/8 17:30:00,11.32,12.85,51.81,0.19
2020/10/8 18:00:00,11.15,12.13,48.66,0.18
2020/10/8 18:30:00,11.49,12.55,44.14,0.18
2020/10/8 19:00:00,12.2,13.16,39.38,0.19
2020/10/8 19:30:00,13.43,14.36,35.54,0.19
2020/10/8 20:00:00,12.47,13.37,33.51,0.19
2020/10/8 20:30:00,9.79,10.33,34.27,0.21
2020/10/8 21:00:00,10.14,11.17,32.99,0.19
2020/10/8 21:30:00,11.36,12.07,30.77,0.21
2020/10/8 22:00:00,8.95,9.14,31.45,0.21
2020/10/8 22:30:00,8.82,9.01,31.41,0.21
2020/10/8 23:00:00,8.36,8.84,33.23,0.19
2020/10/8 23:30:00,9.03,9.73,29.24,0.21
2020/10/9 00:00:00,7.34,7.57,28.98,0.21
2020/10/9 00:30:00,6.46,6.33,33.95,0.18
2020/10/9 01:00:00,5.79,5.91,,0.17
2020/10/9 01:30:00,4.09,4.28,58.53,0.16
2020/10/9 02:00:00,3.69,3.33,62.68,0.15
2020/10/9 02:30:00,3.14,4.13,63.18,0.14
2020/10/9 03:00:00,3.61,4,62.19,0.14
2020/10/9 03:30:00,3.23,4.07,60.39,0.15
2020/10/9 04:00:00,,,,
2020/10/9 04:30:00,4.99,5.55,59.95,0.15
2020/10/9 05:00:00,8.15,9.2,57.2,0.15
2020/10/9 05:30:00,11.78,12.91,53.31,0.16
2020/10/9 06:00:00,16.24,17.1,47,0.17
2020/10/9 06:30:00,23.91,25.74,39.12,0.19
2020/10/9 07:00:00,19.87,23.33,41.05,0.18
2020/10/9 07:30:00,19.78,24.82,41.65,0.18
2020/10/9 08:00:00,14.59,18.34,49.21,0.16
2020/10/9 08:30:00,11.53,15.17,53.84,0.16
2020/10/9 09:00:00,11.97,16.58,54.06,0.16
2020/10/9 09:30:00,9.54,13.14,58.05,0.16
2020/10/9 10:00:00,7.57,10.35,61.17,0.15
2020/10/9 10:30:00,6.16,8.85,64.06,0.15
2020/10/9 11:00:00,5.7,8.32,63.96,0.15
2020/10/9 11:30:00,5.95,7.67,65.58,0.14
2020/10/9 12:00:00,4.59,6.88,68.79,0.14
2020/10/9 12:30:00,4.63,7.1,68.99,0.14
2020/10/9 13:00:00,5.81,7.98,68.39,0.15
2020/10/9 13:30:00,4.55,6.23,70.33,0.14
2020/10/9 14:00:00,5.74,7.86,70.79,0.15
2020/10/9 14:30:00,6.45,8.64,70.67,0.14
2020/10/9 15:00:00,5.93,7.38,69.99,0.14
2020/10/9 15:30:00,5.14,6.45,70.45,0.15
2020/10/9 16:00:00,6.69,8.2,68.69,0.15
2020/10/9 16:30:00,7.38,7.98,68.27,0.15
2020/10/9 17:00:00,8.64,9.68,66.38,0.16
2020/10/9 17:30:00,8.89,9.51,63.86,0.16
2020/10/9 18:00:00,7.8,8.28,64.9,0.16
2020/10/9 18:30:00,7.34,8.01,65.34,0.17
2020/10/9 19:00:00,9.29,10.25,61.03,0.17
2020/10/9 19:30:00,8.74,9.07,60.43,0.17
2020/10/9 20:00:00,9.52,9.85,58.75,0.17
2020/10/9 20:30:00,8.15,8.82,60.31,0.17
2020/10/9 21:00:00,6.71,7.1,65.18,0.16
2020/10/9 21:30:00,6.31,6.6,66.2,0.16
2020/10/9 22:00:00,6.12,6.45,65.12,0.16
2020/10/9 22:30:00,6.37,6.27,62.94,0.16
2020/10/9 23:00:00,7.5,7.71,58.41,0.17
2020/10/9 23:30:00,7.06,7.4,55.6,0.17
2020/10/10 00:00:00,7.36,7.75,53.44,0.17
2020/10/10 00:30:00,7,7.69,52.53,0.16
2020/10/10 01:00:00,8.38,8.53,49.47,0.17
2020/10/10 01:30:00,7.88,8.82,47.68,0.17
2020/10/10 02:00:00,7.65,8.13,,0.17
2020/10/10 02:30:00,6.73,6.69,49.61,0.16
2020/10/10 03:00:00,6.54,6.9,48.44,0.17
2020/10/10 03:30:00,6.35,6.81,48.4,0.17
2020/10/10 04:00:00,5.7,6.1,50.23,0.17
2020/10/10 04:30:00,5.7,5.41,50.15,0.16
2020/10/10 05:00:00,,,,
2020/10/10 05:30:00,5.24,5.58,51.97,0.15
2020/10/10 06:00:00,5.57,5.51,51.95,0.16
2020/10/10 06:30:00,6.29,6.6,52.27,0.16
2020/10/10 07:00:00,8.47,8.32,50.67,0.16
2020/10/10 07:30:00,8.09,8.03,55.04,0.16
2020/10/10 08:00:00,8.34,8.22,59.55,0.16
2020/10/10 08:30:00,7.25,8.03,60.49,0.17
2020/10/10 09:00:00,6.35,7,63.78,0.17
2020/10/10 09:30:00,6.35,7.98,65.76,0.17
2020/10/10 10:00:00,5.62,6.73,71.89,0.16
2020/10/10 10:30:00,6.31,7.1,73.66,0.16
2020/10/10 11:00:00,5.81,6.46,73.34,0.15
2020/10/10 11:30:00,4.02,4.53,77.39,0.14
2020/10/10 12:00:00,4.82,5.28,73.56,0.15
2020/10/10 12:30:00,3.77,4.65,74.22,0.14
2020/10/10 13:00:00,4.57,4.7,72.64,0.14
2020/10/10 13:30:00,5.57,6.27,70.45,0.15
2020/10/10 14:00:00,4.17,4.95,73.18,0.14
2020/10/10 14:30:00,4.44,5.03,74.68,0.14
2020/10/10 15:00:00,8.07,8.45,69.57,0.16
2020/10/10 15:30:00,7.86,7.69,67.91,0.16
2020/10/10 16:00:00,7.98,8.26,67.47,0.16
2020/10/10 16:30:00,10.58,11.05,61.93,0.17
2020/10/10 17:00:00,11.88,11.7,60.17,0.17
2020/10/10 17:30:00,7.73,7.36,66.6,0.16
2020/10/10 18:00:00,8.84,9.1,63.26,0.16
2020/10/10 18:30:00,7.46,7.1,64.34,0.15
2020/10/10 19:00:00,9.05,9.18,61.09,0.16
2020/10/10 19:30:00,8.01,7.69,60.67,0.16
2020/10/10 20:00:00,7.71,7.84,60.09,0.16
2020/10/10 20:30:00,8.76,9.05,58.97,0.16
2020/10/10 21:00:00,8.84,8.89,58.59,0.17
2020/10/10 21:30:00,6.73,6.69,62.27,0.15
2020/10/10 22:00:00,5.53,5.62,63.32,0.15
2020/10/10 22:30:00,5.76,4.78,62.41,0.16
2020/10/10 23:00:00,5.89,4.92,61.61,0.16
2020/10/10 23:30:00,4.65,4.7,63.6,0.15
2020/10/11 00:00:00,4.13,4.11,65.96,0.15
2020/10/11 00:30:00,4.19,4.57,66.96,0.15
2020/10/11 01:00:00,3.52,3.42,66.4,0.16
2020/10/11 01:30:00,2.93,3.77,67.41,0.15
2020/10/11 02:00:00,3.75,4.4,68.15,0.15
2020/10/11 02:30:00,2.98,3.48,69.45,0.14
2020/10/11 03:00:00,2.37,2.75,,0.14
2020/10/11 03:30:00,1.89,1.89,72.82,0.14
2020/10/11 04:00:00,2.31,3.12,72.2,0.14
2020/10/11 04:30:00,2.47,2.49,70.79,0.14
2020/10/11 05:00:00,3.25,3.6,68.05,0.14
2020/10/11 05:30:00,3.56,2.96,67.57,0.14
2020/10/11 06:00:00,,,,
2020/10/11 06:30:00,4.86,4.74,63.28,0.17
2020/10/11 07:00:00,5.37,4.86,61.03,0.17
2020/10/11 07:30:00,5.37,5.53,60.73,0.17
2020/10/11 08:00:00,4.65,5.16,62.25,0.17
2020/10/11 08:30:00,4.28,4.67,63.76,0.18
2020/10/11 09:00:00,3.96,5.47,62.7,0.17
2020/10/11 09:30:00,4.38,5.83,62.39,0.18
2020/10/11 10:00:00,4.11,5.11,65.46,0.17
2020/10/11 10:30:00,4.02,5.14,66.5,0.18
2020/10/11 11:00:00,3.65,4.69,67.16,0.17
2020/10/11 11:30:00,3.81,4.72,68.09,0.18
2020/10/11 12:00:00,3.33,4.04,71.49,0.17
2020/10/11 12:30:00,4.69,6.02,70.79,0.18
2020/10/11 13:00:00,3.69,4.51,74.52,0.17
2020/10/11 13:30:00,3.73,4.46,74.92,0.17
2020/10/11 14:00:00,3.5,4.17,75.16,0.17
2020/10/11 14:30:00,4.02,4.67,75.4,0.18
2020/10/11 15:00:00,3.94,4.3,74.46,0.18
2020/10/11 15:30:00,4.02,4.36,74.18,0.17
2020/10/11 16:00:00,5.13,5.16,71.21,0.18
2020/10/11 16:30:00,6.58,6.43,68.55,0.18
2020/10/11 17:00:00,6.79,7.42,67.2,0.18
2020/10/11 17:30:00,8.95,9.72,63.28,0.18
2020/10/11 18:00:00,12.74,12.62,58.19,0.19
2020/10/11 18:30:00,14.46,14.57,55.88,0.21
2020/10/11 19:00:00,15.51,15.61,53.5,0.22
2020/10/11 19:30:00,24.14,25.25,41.75,0.26
2020/10/11 20:00:00,27.06,27.98,38.74,0.26
2020/10/11 20:30:00,30.49,31.31,34.35,0.28
2020/10/11 21:00:00,26.41,27.5,36.04,0.28
2020/10/11 21:30:00,24.92,25.59,36.78,0.28
2020/10/11 22:00:00,22.99,22.97,36.5,0.25
2020/10/11 22:30:00,18.4,19.09,41.89,0.23
2020/10/11 23:00:00,15.38,16.06,44.1,0.22
2020/10/11 23:30:00,16.94,17.77,40.81,0.23
2020/10/12 00:00:00,15.99,15.89,40.33,0.23
2020/10/12 00:30:00,20.12,20.5,33.79,0.25
2020/10/12 01:00:00,15.07,15.49,,0.24
2020/10/12 01:30:00,20.33,21.25,35.88,0.25
2020/10/12 02:00:00,23.29,24.17,30.39,0.26
2020/10/12 02:30:00,19.32,20.5,34.86,0.24
2020/10/12 03:00:00,14.23,15.66,42.43,0.23
2020/10/12 03:30:00,16.41,17.06,35.04,0.23
2020/10/12 04:00:00,,,,
2020/10/12 04:30:00,17.61,19.24,35.08,0.23
2020/10/12 05:00:00,19.58,21.57,33.33,0.24
2020/10/12 05:30:00,34.41,39.91,17.64,0.28
2020/10/12 06:00:00,47.32,67.45,7.82,0.32
2020/10/12 06:30:00,43.97,70.55,9.42,0.32
2020/10/12 07:00:00,44.73,82.58,6.85,0.37
2020/10/12 07:30:00,45.46,98.67,7.96,0.38
2020/10/12 08:00:00,43.18,99.12,11.1,0.4
2020/10/12 08:30:00,39.4,92.16,13.71,0.38
2020/10/12 09:00:00,30.89,61.72,22.31,0.3
2020/10/12 09:30:00,23.01,38.52,33.81,0.23
2020/10/12 10:00:00,15.87,25.25,41.91,0.19
2020/10/12 10:30:00,18.07,27.94,38.94,0.21
2020/10/12 11:00:00,15.01,24.52,41.93,0.19
2020/10/12 11:30:00,6.88,11.93,52.21,0.18
2020/10/12 12:00:00,7.78,11.76,50.09,0.17
2020/10/12 12:30:00,7.9,11.21,50.67,0.17
2020/10/12 13:00:00,5.83,8.03,56.86,0.16
2020/10/12 13:30:00,8.8,11.88,53.4,0.17
2020/10/12 14:00:00,7.27,10.42,55.98,0.17
2020/10/12 14:30:00,8.61,11.44,55.96,0.17
2020/10/12 15:00:00,10.6,13.27,53.27,0.18
2020/10/12 15:30:00,13.04,15.68,51.53,0.18
2020/10/12 16:00:00,16.16,19.03,50.13,0.19
2020/10/12 16:30:00,16.79,18.76,50.81,0.19
2020/10/12 17:00:00,24.02,25.38,40.53,0.22
2020/10/12 17:30:00,24.84,26.22,38.06,0.23
2020/10/12 18:00:00,25.63,26.97,38.86,0.22
2020/10/12 18:30:00,29.99,31.75,34.53,0.24
2020/10/12 19:00:00,30.12,31.25,34.05,0.25
2020/10/12 19:30:00,23.54,25.8,44.5,0.22
2020/10/12 20:00:00,22.84,25.07,44.54,0.22
2020/10/12 20:30:00,27.46,29.4,37.82,0.24
2020/10/12 21:00:00,25.26,26.62,37.14,0.24
2020/10/12 21:30:00,23.12,24.65,35.42,0.24
2020/10/12 22:00:00,20.1,21.94,36.34,0.24
2020/10/12 22:30:00,20.44,22.11,36.26,0.23
2020/10/12 23:00:00,20.94,23.35,38.92,0.22
2020/10/12 23:30:00,21.44,23.37,38.2,0.21
2020/10/13 00:00:00,20.5,22.17,38.58,0.19
2020/10/13 00:30:00,13.85,15.11,45.94,0.19
2020/10/13 01:00:00,11.32,13.33,47.18,0.18
2020/10/13 01:30:00,12.22,14.21,44.8,0.18
2020/10/13 02:00:00,12.34,14.13,,0.18
2020/10/13 02:30:00,12.51,14.27,44.9,0.18
2020/10/13 03:00:00,,,45,
2020/10/13 03:30:00,11.8,13.14,43.15,0.18
2020/10/13 04:00:00,14.38,16.05,37.92,0.18
2020/10/13 04:30:00,20.02,20.31,33.39,0.19
2020/10/13 05:00:00,,,,
2020/10/13 05:30:00,30.05,33.66,19.9,0.22
2020/10/13 06:00:00,29.11,36.01,27.16,0.21
2020/10/13 06:30:00,31.14,41.64,27.98,0.22
2020/10/13 07:00:00,54.6,95.91,5.93,0.28
2020/10/13 07:30:00,41.67,72.58,14.97,0.26
2020/10/13 08:00:00,35.09,54.05,25.41,0.23
2020/10/13 08:30:00,23.96,31.38,39.32,0.19
2020/10/13 09:00:00,14.63,19.24,47.32,0.19
2020/10/13 09:30:00,23.79,34.18,42.15,0.19
2020/10/13 10:00:00,19.18,26.47,52.79,0.19
2020/10/13 10:30:00,12.14,16.01,62.63,0.17
2020/10/13 11:00:00,13.37,17.63,61.31,0.17
2020/10/13 11:30:00,17.88,25.07,59.39,0.16
2020/10/13 12:00:00,10.19,13.2,63.02,0.18
2020/10/13 12:30:00,7.44,9.91,68.53,0.16
2020/10/13 13:00:00,10.56,13.83,67.16,0.16
2020/10/13 13:30:00,10.31,12.87,64.9,0.17
2020/10/13 14:00:00,12.28,14.8,62.9,0.17
2020/10/13 14:30:00,10.33,12.97,63.66,0.18
2020/10/13 15:00:00,11.04,13.62,65.28,0.18
2020/10/13 15:30:00,12.95,14.9,62.21,0.19
2020/10/13 16:00:00,18.34,19.93,54.26,0.19
2020/10/13 16:30:00,19.3,20.06,51.29,0.21
2020/10/13 17:00:00,28.55,29.84,40.41,0.24
2020/10/13 17:30:00,31.77,32.51,36.26,0.24
2020/10/13 18:00:00,31.69,32.82,33.63,0.26
2020/10/13 18:30:00,23.29,23.98,41.53,0.23
2020/10/13 19:00:00,8.2,8.17,55.36,0.18
2020/10/13 19:30:00,5.09,5.2,55.44,0.17
2020/10/13 20:00:00,7.59,7.84,49.53,0.18
2020/10/13 20:30:00,7.13,7.04,48.66,0.18
2020/10/13 21:00:00,5.68,6.41,45.46,0.18
2020/10/13 21:30:00,2.79,3.48,43.77,0.17
2020/10/13 22:00:00,2.47,2.41,42.61,0.17
2020/10/13 22:30:00,2.33,2.37,42.63,0.17
2020/10/13 23:00:00,3.19,2.96,42.79,0.17
2020/10/13 23:30:00,2.62,2.89,47.92,0.16
2020/10/14 00:00:00,5.05,4.61,48,0.16
2020/10/14 00:30:00,4.61,4.9,51.29,0.15
2020/10/14 01:00:00,2.73,2.93,56.98,0.15
2020/10/14 01:30:00,2.08,2.26,56.78,0.16
2020/10/14 02:00:00,2.26,2.54,56.36,0.16
2020/10/14 02:30:00,3.29,3.52,53.92,0.16
2020/10/14 03:00:00,2.56,2.89,,0.16
2020/10/14 03:30:00,2.33,2.85,54.94,0.16
2020/10/14 04:00:00,3.17,3.73,53.7,0.16
2020/10/14 04:30:00,4.49,3.83,52.75,0.16
2020/10/14 05:00:00,5.26,5.51,52.13,0.16
2020/10/14 05:30:00,5.81,6.64,51.43,0.16
2020/10/14 06:00:00,,,,
2020/10/14 06:30:00,7.59,9.08,49.21,0.17
2020/10/14 07:00:00,7.4,10.12,48.22,0.17
2020/10/14 07:30:00,7.31,10.1,48.1,0.17
2020/10/14 08:00:00,6.66,8.78,48.68,0.17
2020/10/14 08:30:00,6.25,9.91,48.36,0.17
2020/10/14 09:00:00,6.35,10.35,49.21,0.17
2020/10/14 09:30:00,7.46,10.61,47.76,0.17
2020/10/14 10:00:00,7.29,11.34,47.2,0.18
2020/10/14 10:30:00,6.98,11.7,47.8,0.17
2020/10/14 11:00:00,5.72,9.18,51.43,0.18
2020/10/14 11:30:00,3.71,6.56,54.92,0.17
2020/10/14 12:00:00,3.79,5.7,55.36,0.17
2020/10/14 12:30:00,3.96,6.01,56.46,0.17
2020/10/14 13:00:00,3.77,5.45,55.3,0.17
2020/10/14 13:30:00,4.93,6.85,54.36,0.17
2020/10/14 14:00:00,4.32,6.37,54.2,0.17
2020/10/14 14:30:00,4.07,5.62,55.18,0.17
2020/10/14 15:00:00,3.06,4.78,56.14,0.16
2020/10/14 15:30:00,3.56,5.6,57.08,0.16
2020/10/14 16:00:00,4.44,5.89,55.66,0.17
2020/10/14 16:30:00,3.83,5.57,54.88,0.17
2020/10/14 17:00:00,3.33,5.05,54.88,0.17
2020/10/14 17:30:00,4.05,5.03,53.54,0.17
2020/10/14 18:00:00,3.29,4.57,53.4,0.17
2020/10/14 18:30:00,3.16,4.28,53.42,0.16
2020/10/14 19:00:00,3.12,4.07,52.83,0.16
2020/10/14 19:30:00,2.91,3.61,53.6,0.16
2020/10/14 20:00:00,3.1,4.59,54.42,0.17
2020/10/14 20:30:00,3.16,4.17,55.84,0.15
2020/10/14 21:00:00,3.83,4.44,56.66,0.16
2020/10/14 21:30:00,3.02,3.6,57.22,0.16
2020/10/14 22:00:00,2.2,2.81,59.05,0.16
2020/10/14 22:30:00,2.18,2.37,61.11,0.16
2020/10/14 23:00:00,2.18,2.85,62.21,0.16
2020/10/14 23:30:00,1.42,2.73,62.96,0.16
2020/10/15 00:00:00,2.05,2.81,62.35,0.16
2020/10/15 00:30:00,1.15,1.55,61.57,0.16
2020/10/15 01:00:00,1.84,2.54,,0.15
2020/10/15 01:30:00,1.53,2.26,62.05,0.16
2020/10/15 02:00:00,1.43,1.99,61.31,0.16
2020/10/15 02:30:00,1.42,2.18,61.41,0.16
2020/10/15 03:00:00,1.26,1.4,61.83,0.16
2020/10/15 03:30:00,2.35,2.95,61.37,0.16
2020/10/15 04:00:00,,,,
2020/10/15 04:30:00,3.08,2.66,61.95,0.16
2020/10/15 05:00:00,3.88,3.94,60.69,0.15
2020/10/15 05:30:00,4.74,5.26,61.03,0.15
2020/10/15 06:00:00,6.66,6.64,61.05,0.15
2020/10/15 06:30:00,8.47,8.8,59.59,0.15
2020/10/15 07:00:00,6.98,7.25,60.49,0.15
2020/10/15 07:30:00,11.02,12.6,56.74,0.16
2020/10/15 08:00:00,7.42,8.7,59.45,0.15
2020/10/15 08:30:00,9.39,11.97,57.24,0.16
2020/10/15 09:00:00,7.21,9.85,59.15,0.15
2020/10/15 09:30:00,7.42,10.42,59.31,0.15
2020/10/15 10:00:00,5.57,8.03,59.71,0.16
2020/10/15 10:30:00,6.37,8.85,58.85,0.16
2020/10/15 11:00:00,5.43,7.46,59.83,0.15
2020/10/15 11:30:00,5.85,8.43,59.67,0.15
2020/10/15 12:00:00,5.39,7.55,61.65,0.15
2020/10/15 12:30:00,4.21,5.89,63.1,0.16
2020/10/15 13:00:00,5.41,6.9,62.55,0.15
2020/10/15 13:30:00,5.26,6.37,63.5,0.16
2020/10/15 14:00:00,4.72,5.97,64.68,0.15
2020/10/15 14:30:00,6.67,8.15,61.65,0.16
2020/10/15 15:00:00,6.98,8.19,62.07,0.16
2020/10/15 15:30:00,7.13,7.46,62.21,0.15
2020/10/15 16:00:00,5.11,5.13,62.7,0.16
2020/10/15 16:30:00,5.22,5.37,62.45,0.15
2020/10/15 17:00:00,7.15,7.13,60.51,0.15
2020/10/15 17:30:00,5.09,5.64,62.65,0.15
2020/10/15 18:00:00,8.03,7.8,57.92,0.16
2020/10/15 18:30:00,11.42,11.55,51.53,0.19
2020/10/15 19:00:00,23.2,23.22,37.46,0.22
2020/10/15 19:30:00,24.46,24.65,33.85,0.24
2020/10/15 20:00:00,24.14,24.65,35.3,0.23
2020/10/15 20:30:00,5.6,6.18,56.86,0.15
2020/10/15 21:00:00,7.42,6.9,55.5,0.16
2020/10/15 21:30:00,3.83,3.35,58.69,0.15
2020/10/15 22:00:00,2.24,2.24,64.04,0.15
2020/10/15 22:30:00,1.55,0.8,64.44,0.15
2020/10/15 23:00:00,4.02,3.79,56.6,0.16
2020/10/15 23:30:00,4.09,3.84,56.06,0.16
2020/10/16 00:00:00,2.45,2.07,57.58,0.16
2020/10/16 00:30:00,3.98,3.94,56.82,0.15
2020/10/16 01:00:00,3.16,2.7,58.61,0.15
2020/10/16 01:30:00,2.72,2.39,58.75,0.15
2020/10/16 02:00:00,5.2,4.82,,0.17
2020/10/16 02:30:00,9.98,10.16,39.47,0.18
2020/10/16 03:00:00,7.34,7.32,41.03,0.18
2020/10/16 03:30:00,7.34,7.23,39.77,0.17
2020/10/16 04:00:00,8.34,8.11,38.6,0.17
2020/10/16 04:30:00,10.12,9.41,37.36,0.18
2020/10/16 05:00:00,,,,
2020/10/16 05:30:00,21.11,21.09,25.68,0.19
2020/10/16 06:00:00,32.57,33.97,16.84,0.19
2020/10/16 06:30:00,50.2,65.16,7.12,0.24
2020/10/16 07:00:00,45.21,62.63,9.88,0.26
2020/10/16 07:30:00,44.6,71.76,10.8,0.29
2020/10/16 08:00:00,38.63,70,13.53,0.28
2020/10/16 08:30:00,27.21,47.58,21.49,0.25
2020/10/16 09:00:00,16.62,25.57,31.17,0.22
2020/10/16 09:30:00,9.89,14.06,41.29,0.19
2020/10/16 10:00:00,8.05,11.44,47.86,0.18
2020/10/16 10:30:00,6.08,8.2,50.57,0.18
2020/10/16 11:00:00,6.67,9.28,50.85,0.17
2020/10/16 11:30:00,6.12,8.89,53.48,0.17
2020/10/16 12:00:00,6.79,8.7,54.66,0.17
2020/10/16 12:30:00,8.43,11.53,52.43,0.19
2020/10/16 13:00:00,8.19,9.49,53.29,0.18
2020/10/16 13:30:00,9.08,11.05,52.29,0.18
2020/10/16 14:00:00,9.41,10.65,49.69,0.19
2020/10/16 14:30:00,12.35,14.53,44.96,0.19
2020/10/16 15:00:00,10.08,11.7,46.58,0.19
2020/10/16 15:30:00,7.82,8.7,47,0.18
2020/10/16 16:00:00,15.84,17.59,37.96,0.19
2020/10/16 16:30:00,18.72,19.32,33.17,0.22
2020/10/16 17:00:00,11.86,12.53,39.61,0.19
2020/10/16 17:30:00,3.5,3.46,46.96,0.17
2020/10/16 18:00:00,3.58,3.23,49.27,0.17
2020/10/16 18:30:00,3.96,4.02,48.54,0.16
2020/10/16 19:00:00,9.14,8.84,40.83,0.18
2020/10/16 19:30:00,15.26,15.51,34.15,0.18
2020/10/16 20:00:00,12.03,11.69,36.98,0.17
2020/10/16 20:30:00,6.35,6.25,44.88,0.17
2020/10/16 21:00:00,3.37,2.91,51.67,0.17
2020/10/16 21:30:00,3.92,3.44,51.93,0.17
2020/10/16 22:00:00,3.25,2.45,52.99,0.16
2020/10/16 22:30:00,3.39,2.22,52.47,0.16
2020/10/16 23:00:00,3.83,2.81,52.57,0.17
2020/10/16 23:30:00,3.37,2.79,52.77,0.17
2020/10/17 00:00:00,4.04,2.93,54.38,0.16
2020/10/17 00:30:00,2.98,1.86,54.66,0.16
2020/10/17 01:00:00,3.83,3.02,53.23,0.16
2020/10/17 01:30:00,2.6,2.05,54.7,0.16
2020/10/17 02:00:00,3.67,2.81,52.83,0.16
2020/10/17 02:30:00,3.67,2.58,54.24,0.16
2020/10/17 03:00:00,3.83,2.83,,0.16
2020/10/17 03:30:00,1.64,0.78,56.34,0.16
2020/10/17 04:00:00,1.93,1.38,57.14,0.16
2020/10/17 04:30:00,2.62,1.99,56.34,0.16
2020/10/17 05:00:00,2.39,2.83,56.86,0.16
2020/10/17 05:30:00,4.63,3.52,55.3,0.16
2020/10/17 06:00:00,,,,
2020/10/17 06:30:00,3.71,4.51,58.99,0.16
2020/10/17 07:00:00,5.3,5.68,57.42,0.16
2020/10/17 07:30:00,4.63,5.55,56.16,0.15
2020/10/17 08:00:00,4.17,5.16,57.1,0.16
2020/10/17 08:30:00,8.45,10.9,54.04,0.16
2020/10/17 09:00:00,4.7,6.52,61.63,0.15
2020/10/17 09:30:00,4.55,5.87,67,0.16
2020/10/17 10:00:00,5.72,8.55,65.8,0.16
2020/10/17 10:30:00,4.84,7.13,64.78,0.16
2020/10/17 11:00:00,4.02,6.5,67.12,0.16
2020/10/17 11:30:00,4.97,7.02,65.92,0.16
2020/10/17 12:00:00,4.8,6.41,67.69,0.16
2020/10/17 12:30:00,4.93,6.46,68.41,0.16
2020/10/17 13:00:00,4.11,5.32,70.35,0.16
2020/10/17 13:30:00,3.12,3.92,71.29,0.15
2020/10/17 14:00:00,3,3.48,69.99,0.15
2020/10/17 14:30:00,3.94,4.42,67.59,0.16
2020/10/17 15:00:00,3.58,4.17,67.79,0.16
2020/10/17 15:30:00,4.04,4.86,67.45,0.16
2020/10/17 16:00:00,6.1,6.69,63.72,0.17
2020/10/17 16:30:00,7.08,7.48,61.23,0.18
2020/10/17 17:00:00,11.05,11.32,55.6,0.21
2020/10/17 17:30:00,16.85,17.58,47.82,0.22
2020/10/17 18:00:00,12.28,12.66,51.13,0.21
2020/10/17 18:30:00,14.44,14.31,50.21,0.21
2020/10/17 19:00:00,12.22,13.06,51.45,0.21
2020/10/17 19:30:00,11.82,12.07,50.83,0.21
2020/10/17 20:00:00,9.01,9.26,51.75,0.18
2020/10/17 20:30:00,7.78,8.26,50.65,0.19
2020/10/17 21:00:00,8.63,9.72,47.38,0.21
2020/10/17 21:30:00,8.89,9.52,46.3,0.19
2020/10/17 22:00:00,8.3,8.59,47.84,0.19
2020/10/17 22:30:00,6.67,6.67,49.07,0.18
2020/10/17 23:00:00,5.57,5.81,51.25,0.18
2020/10/17 23:30:00,4.49,4.32,54.46,0.18
2020/10/18 00:00:00,4.36,4.63,61.51,0.18
2020/10/18 00:30:00,2.3,2.64,74.12,0.16
2020/10/18 01:00:00,2.22,2.54,,0.17
2020/10/18 01:30:00,2.7,2.75,70.93,0.16
2020/10/18 02:00:00,3.63,3.75,69.85,0.16
2020/10/18 02:30:00,3.1,3.19,71.31,0.15
2020/10/18 03:00:00,1.76,1.17,72.32,0.16
2020/10/18 03:30:00,1.87,1.36,69.87,0.16
2020/10/18 04:00:00,,,,
2020/10/18 04:30:00,2.73,3.12,64.26,0.17
2020/10/18 05:00:00,2.7,2.64,64.08,0.18
2020/10/18 05:30:00,1.95,2.37,62.15,0.18
2020/10/18 06:00:00,3.46,4.49,57.92,0.18
2020/10/18 06:30:00,3.16,3.92,53.64,0.18
2020/10/18 07:00:00,3,3.71,49.51,0.18
2020/10/18 07:30:00,3.71,4.88,49.71,0.18
2020/10/18 08:00:00,4.49,5.89,49.93,0.18
2020/10/18 08:30:00,4.25,5.81,50.25,0.18
2020/10/18 09:00:00,3.02,4.21,51.95,0.18
2020/10/18 09:30:00,2.52,3.4,55.24,0.18
2020/10/18 10:00:00,3.04,4.28,57.46,0.18
2020/10/18 10:30:00,2.41,3.94,61.05,0.17
2020/10/18 11:00:00,1.89,3.02,65.72,0.16
2020/10/18 11:30:00,1.99,3.54,65.88,0.17
2020/10/18 12:00:00,2.7,3.86,67.67,0.17
2020/10/18 12:30:00,1.17,2.31,69.79,0.16
2020/10/18 13:00:00,1.42,2.37,70.89,0.17
2020/10/18 13:30:00,2.1,3.67,70.89,0.16
2020/10/18 14:00:00,2.52,3.5,70.55,0.17
2020/10/18 14:30:00,2.64,3.63,70.87,0.17
2020/10/18 15:00:00,3.42,5.05,69.25,0.17
2020/10/18 15:30:00,4.53,5.39,67.26,0.18
2020/10/18 16:00:00,6.48,7.67,64.94,0.18
2020/10/18 16:30:00,7.17,7.21,64.2,0.18
2020/10/18 17:00:00,13.87,15.2,56.16,0.19
2020/10/18 17:30:00,13.64,15.07,54.82,0.19
2020/10/18 18:00:00,14.17,14.84,55.3,0.21
2020/10/18 18:30:00,18.13,18.93,49.39,0.23
2020/10/18 19:00:00,20.02,20.94,44.42,0.25
2020/10/18 19:30:00,18.42,19.68,41.49,0.24
2020/10/18 20:00:00,13.62,15.03,44.38,0.23
2020/10/18 20:30:00,11.78,12.85,44.76,0.23
2020/10/18 21:00:00,11.36,12.6,43.29,0.22
2020/10/18 21:30:00,8.99,9.58,44.6,0.21
2020/10/18 22:00:00,7.65,8.34,45.7,0.21
2020/10/18 22:30:00,7.52,7.94,45.68,0.19
2020/10/18 23:00:00,8.64,9.66,42.07,0.21
2020/10/18 23:30:00,10.17,11.05,40.31,0.21
2020/10/19 00:00:00,8.07,8.68,44.26,0.19
2020/10/19 00:30:00,7.25,8.07,45.96,0.18
2020/10/19 01:00:00,7.17,7.78,46.3,0.18
2020/10/19 01:30:00,7.98,8.61,44.38,0.18
2020/10/19 02:00:00,9.77,10.58,,0.21
2020/10/19 02:30:00,9.08,9.81,41.81,0.22
2020/10/19 03:00:00,8.22,8.91,41.23,0.21
2020/10/19 03:30:00,8.3,8.57,41.09,0.19
2020/10/19 04:00:00,9.41,9.29,39.75,0.19
2020/10/19 04:30:00,11.26,11.4,39.16,0.18
2020/10/19 05:00:00,,,,
2020/10/19 05:30:00,24.35,26.09,27.68,0.19
2020/10/19 06:00:00,37.16,41.35,16.8,0.22
2020/10/19 06:30:00,48.46,60.65,8.82,0.24
2020/10/19 07:00:00,44.68,55.86,12.25,0.25
2020/10/19 07:30:00,46.65,63.55,13.59,0.25
2020/10/19 08:00:00,43.43,64.11,16.19,0.25
2020/10/19 08:30:00,35.3,55.14,24.17,0.23
2020/10/19 09:00:00,20.94,28.96,38.52,0.19
2020/10/19 09:30:00,13.12,18.05,47.16,0.18
2020/10/19 10:00:00,11.02,16.18,53.09,0.18
2020/10/19 10:30:00,7.46,10.46,59.29,0.16
2020/10/19 11:00:00,7.36,10.06,62.03,0.16
2020/10/19 11:30:00,5.22,7.4,67.55,0.15
2020/10/19 12:00:00,5.43,6.35,69.35,0.14
2020/10/19 12:30:00,5.81,7.21,69.65,0.15
2020/10/19 13:00:00,5.76,6.77,71.05,0.15
2020/10/19 13:30:00,5.91,6.92,71.19,0.15
2020/10/19 14:00:00,8.43,10.14,67.49,0.16
2020/10/19 14:30:00,6.35,7.23,71.94,0.15
2020/10/19 15:00:00,8.63,9.66,68.53,0.16
2020/10/19 15:30:00,10.29,11.53,66.66,0.17
2020/10/19 16:00:00,11.74,12.2,64.06,0.17
2020/10/19 16:30:00,16.35,16.62,57.84,0.19
2020/10/19 17:00:00,23.56,23.79,49.53,0.22
2020/10/19 17:30:00,27.37,28.09,45.84,0.22
2020/10/19 18:00:00,31.54,31.52,40.37,0.23
2020/10/19 18:30:00,40.64,41.06,33.07,0.26
2020/10/19 19:00:00,34.48,35.21,37.9,0.25
2020/10/19 19:30:00,29.13,28.53,41.15,0.24
2020/10/19 20:00:00,29.66,29.4,40.55,0.25
2020/10/19 20:30:00,31.15,30.89,38.5,0.24
2020/10/19 21:00:00,40.01,40.3,30.63,0.25
2020/10/19 21:30:00,45.25,45.94,24.29,0.24
2020/10/19 22:00:00,32.19,31.94,34.88,0.22
2020/10/19 22:30:00,22.3,21.5,42.11,0.21
2020/10/19 23:00:00,11.86,11.72,51.31,0.18
2020/10/19 23:30:00,6.83,6.64,55.98,0.17
2020/10/20 00:00:00,5.47,5.45,56.06,0.16
2020/10/20 00:30:00,7.08,7.21,51.75,0.16
2020/10/20 01:00:00,,,47.6,
2020/10/20 01:30:00,9.41,8.99,43.29,0.18
2020/10/20 02:00:00,8.47,8.7,44.5,0.18
2020/10/20 02:30:00,9.37,9.29,43.81,0.18
2020/10/20 03:00:00,8.97,9.26,,0.18
2020/10/20 03:30:00,10.46,10.06,44.72,0.17
2020/10/20 04:00:00,14.31,13.67,41.41,0.18
2020/10/20 04:30:00,11.42,11.49,45.54,0.18
2020/10/20 05:00:00,11.76,12.03,46.86,0.18
2020/10/20 05:30:00,15.15,15.76,43.37,0.18
2020/10/20 06:00:00,,,,
2020/10/20 06:30:00,30.29,34.41,23.65,0.23
2020/10/20 07:00:00,31.96,37.89,23.15,0.26
2020/10/20 07:30:00,24.61,28.82,34.77,0.24
2020/10/20 08:00:00,25.11,30.27,33.73,0.22
2020/10/20 08:30:00,16.77,20.33,41.25,0.21
2020/10/20 09:00:00,17.67,21.96,46.92,0.18
2020/10/20 09:30:00,17.04,21.25,53.66,0.18
2020/10/20 10:00:00,12.05,15.22,58.65,0.18
2020/10/20 10:30:00,12.89,15.63,59.27,0.17
2020/10/20 11:00:00,11.9,14.32,60.19,0.17
2020/10/20 11:30:00,11.91,14.21,60.77,0.17
2020/10/20 12:00:00,12.89,14.65,60.53,0.17
2020/10/20 12:30:00,11.44,13.44,61.95,0.18
2020/10/20 13:00:00,13.27,16.29,58,0.18
2020/10/20 13:30:00,13.41,16.33,56.82,0.18
2020/10/20 14:00:00,10.88,13.81,56.88,0.19
2020/10/20 14:30:00,12.39,16.01,52.47,0.19
2020/10/20 15:00:00,13.64,16.18,49.51,0.21
2020/10/20 15:30:00,15.57,18.19,46.84,0.22
2020/10/20 16:00:00,15.84,17.46,47.5,0.22
2020/10/20 16:30:00,15.87,17.12,45.56,0.21
2020/10/20 17:00:00,16.33,17.4,41.45,0.22
2020/10/20 17:30:00,15.3,16.49,41.13,0.22
2020/10/20 18:00:00,16.68,17.69,37.82,0.22
2020/10/20 18:30:00,16.41,17.21,36.46,0.22
2020/10/20 19:00:00,14.15,14.69,36.66,0.23
2020/10/20 19:30:00,11.42,11.65,39.55,0.22
2020/10/20 20:00:00,11.02,11.59,38.3,0.21
2020/10/20 20:30:00,13.58,13.83,34.79,0.22
2020/10/20 21:00:00,14.13,14.34,33.27,0.22
2020/10/20 21:30:00,12.6,13.31,33.21,0.22
2020/10/20 22:00:00,11,11.09,33.35,0.22
2020/10/20 22:30:00,10.94,11.19,32.69,0.23
2020/10/20 23:00:00,11.11,11.49,31.41,0.23
2020/10/20 23:30:00,11.28,11.67,31.03,0.23
2020/10/21 00:00:00,10.54,11.21,30.73,0.23
2020/10/21 00:30:00,11.15,11.65,29.24,0.23
2020/10/21 01:00:00,11.69,11.99,,0.23
2020/10/21 01:30:00,10.56,10.73,28.44,0.23
2020/10/21 02:00:00,10.71,10.61,27.06,0.23
2020/10/21 02:30:00,11.26,11.4,25.88,0.23
2020/10/21 03:00:00,11.26,11.82,24.49,0.23
2020/10/21 03:30:00,11.46,12.3,23.91,0.24
2020/10/21 04:00:00,,,,
2020/10/21 04:30:00,14.21,14.55,21.15,0.23
2020/10/21 05:00:00,16.62,17,18.36,0.24
2020/10/21 05:30:00,21.21,22.89,14.31,0.25
2020/10/21 06:00:00,21.82,23.79,12.89,0.26
2020/10/21 06:30:00,27.18,32.36,7.98,0.28
2020/10/21 07:00:00,22.74,27.08,11.2,0.26
2020/10/21 07:30:00,23.28,28.74,11.65,0.28
2020/10/21 08:00:00,22.45,27.21,12.61,0.25
2020/10/21 08:30:00,26.62,36.15,10.18,0.24
2020/10/21 09:00:00,28.27,39.26,10.18,0.25
2020/10/21 09:30:00,24.77,32.88,12.51,0.25
2020/10/21 10:00:00,20.85,26.85,15.95,0.24
2020/10/21 10:30:00,21.38,27.27,16.34,0.23
2020/10/21 11:00:00,19.26,23.7,17.98,0.24
2020/10/21 11:30:00,18.38,22.59,19.24,0.24
2020/10/21 12:00:00,19.22,24.69,21.03,0.24
2020/10/21 12:30:00,20.12,26.85,20.88,0.23
2020/10/21 13:00:00,21.53,28.34,21.17,0.25
2020/10/21 13:30:00,22.32,28.99,21.05,0.26
2020/10/21 14:00:00,24.37,31.04,21.25,0.25
2020/10/21 14:30:00,21.57,26.68,25.51,0.25
2020/10/21 15:00:00,23.05,27.31,26.32,0.24
2020/10/21 15:30:00,20.88,24.06,29.62,0.25
2020/10/21 16:00:00,21.94,24.77,33.61,0.24
2020/10/21 16:30:00,17.69,18.72,41.95,0.23
2020/10/21 17:00:00,15.43,16.5,44.4,0.23
2020/10/21 17:30:00,17.33,18.47,39.44,0.23
2020/10/21 18:00:00,20.41,22.09,30.53,0.23
2020/10/21 18:30:00,15.91,17.33,30.06,0.23
2020/10/21 19:00:00,15.55,15.8,29.82,0.23
2020/10/21 19:30:00,13.37,14.73,31.01,0.22
2020/10/21 20:00:00,13.23,13.79,32.71,0.23
2020/10/21 20:30:00,14.15,14.4,34.29,0.23
2020/10/21 21:00:00,14.25,14.15,35.74,0.23
2020/10/21 21:30:00,14.15,14.44,37.4,0.22
2020/10/21 22:00:00,12.03,12.37,40.33,0.22
2020/10/21 22:30:00,11.04,11.17,43.43,0.21
2020/10/21 23:00:00,9.96,10.65,48.22,0.21
2020/10/21 23:30:00,8.47,8.82,52.35,0.19
2020/10/22 00:00:00,7.67,8.28,54.96,0.19
2020/10/22 00:30:00,7,7.36,57.5,0.19
2020/10/22 01:00:00,6.5,6.33,57.68,0.19
2020/10/22 01:30:00,4.78,5.47,59.53,0.19
2020/10/22 02:00:00,3.75,3.83,,0.19
2020/10/22 02:30:00,2.52,2.45,60.13,0.19
2020/10/22 03:00:00,2.35,2.49,57.64,0.19
2020/10/22 03:30:00,2.83,2.95,54.46,0.19
2020/10/22 04:00:00,3.17,3.02,52.37,0.19
2020/10/22 04:30:00,4.86,5.6,50.53,0.21
2020/10/22 05:00:00,,,,
2020/10/22 05:30:00,7.38,8.61,45.8,0.21
2020/10/22 06:00:00,9.05,9.83,43.77,0.21
2020/10/22 06:30:00,9.73,10.94,46.46,0.21
2020/10/22 07:00:00,8.01,9.43,55.64,0.19
2020/10/22 07:30:00,8.66,9.96,61.51,0.19
2020/10/22 08:00:00,10.54,11.84,65.74,0.19
2020/10/22 08:30:00,12.66,13.18,60.25,0.21
2020/10/22 09:00:00,14.8,17.44,53.33,0.19
2020/10/22 09:30:00,12.85,15.24,51.47,0.19
2020/10/22 10:00:00,9.87,13.16,51.91,0.19
2020/10/22 10:30:00,8.85,12.35,55.82,0.19
2020/10/22 11:00:00,7.65,9.62,61.47,0.18
2020/10/22 11:30:00,6.81,8.97,59.99,0.18
2020/10/22 12:00:00,6.62,8.97,64,0.18
2020/10/22 12:30:00,6.12,7.99,67.79,0.17
2020/10/22 13:00:00,5.57,7.4,72.76,0.17
2020/10/22 13:30:00,7.61,9.22,70.43,0.17
2020/10/22 14:00:00,8.22,8.72,69.59,0.17
2020/10/22 14:30:00,9.22,10.42,67.75,0.17
2020/10/22 15:00:00,8.99,10.1,66.58,0.17
2020/10/22 15:30:00,9.47,10.65,64.92,0.18
2020/10/22 16:00:00,9.56,10.88,64.68,0.19
2020/10/22 16:30:00,9.58,10.73,64.66,0.18
2020/10/22 17:00:00,8.03,8.87,65.8,0.17
2020/10/22 17:30:00,8.72,9.08,65.88,0.17
2020/10/22 18:00:00,9.79,10.67,62.63,0.18
2020/10/22 18:30:00,7.92,9.1,63.92,0.17
2020/10/22 19:00:00,7.36,7.65,65.26,0.17
2020/10/22 19:30:00,7.31,8.01,64.38,0.17
2020/10/22 20:00:00,7.71,8.11,64.18,0.17
2020/10/22 20:30:00,7.31,7.71,66.54,0.16
2020/10/22 21:00:00,6.5,7.86,67.57,0.17
2020/10/22 21:30:00,6.2,6.37,67.65,0.17
2020/10/22 22:00:00,6.48,7.19,65.98,0.17
2020/10/22 22:30:00,6.75,6.67,62.92,0.17
2020/10/22 23:00:00,6.75,7.19,59.93,0.17
2020/10/22 23:30:00,7.25,7.59,58.29,0.17
2020/10/23 00:00:00,6.79,7.08,56.56,0.18
2020/10/23 00:30:00,4.95,5.36,59.01,0.17
2020/10/23 01:00:00,3,4.02,60.85,0.16
2020/10/23 01:30:00,2.77,2.98,60.59,0.16
2020/10/23 02:00:00,2.6,3.31,59.75,0.16
2020/10/23 02:30:00,2.49,3.12,59.23,0.16
2020/10/23 03:00:00,2.64,3.25,,0.16
2020/10/23 03:30:00,3.14,3.65,56.12,0.16
2020/10/23 04:00:00,4.3,4.67,54.26,0.15
2020/10/23 04:30:00,4.92,5.32,53.84,0.16
2020/10/23 05:00:00,6.54,7.34,52.41,0.17
2020/10/23 05:30:00,10.25,11.32,49.03,0.18
2020/10/23 06:00:00,,,,
2020/10/23 06:30:00,15.13,15.57,42.51,0.19
2020/10/23 07:00:00,15.34,15.47,41.95,0.19
2020/10/23 07:30:00,15.66,16.83,41.79,0.19
2020/10/23 08:00:00,16.01,18.36,40.83,0.19
2020/10/23 08:30:00,13.39,16.2,42.89,0.19
2020/10/23 09:00:00,12.41,15.41,43.91,0.19
2020/10/23 09:30:00,12.13,16.01,43.67,0.19
2020/10/23 10:00:00,12.62,15.95,44.42,0.19
2020/10/23 10:30:00,12.34,14.76,48.42,0.18
2020/10/23 11:00:00,12.18,14.21,52.93,0.18
2020/10/23 11:30:00,10.5,12.76,54.02,0.18
2020/10/23 12:00:00,13.01,16.58,46.22,0.19
2020/10/23 12:30:00,12.57,15.47,46.44,0.19
2020/10/23 13:00:00,10.63,13.52,49.09,0.19
2020/10/23 13:30:00,10.25,13.29,49.65,0.19
2020/10/23 14:00:00,12.95,15.51,45.62,0.19
2020/10/23 14:30:00,13.25,14.19,46.64,0.19
2020/10/23 15:00:00,9.89,10.86,52.17,0.18
2020/10/23 15:30:00,11.17,10.94,49.81,0.18
2020/10/23 16:00:00,12.37,12.51,49.17,0.19
2020/10/23 16:30:00,18.11,18.53,43.15,0.21
2020/10/23 17:00:00,19.09,19.39,40.43,0.21
2020/10/23 17:30:00,21.69,21.69,35.96,0.22
2020/10/23 18:00:00,16.77,17.31,40.53,0.21
2020/10/23 18:30:00,16.54,17.04,40.23,0.19
2020/10/23 19:00:00,17.38,16.87,42.61,0.21
2020/10/23 19:30:00,17.94,17.63,41.45,0.21
2020/10/23 20:00:00,16.37,16.39,43.23,0.21
2020/10/23 20:30:00,16.29,16.72,42.39,0.21
2020/10/23 21:00:00,15.32,15.68,42.81,0.19
2020/10/23 21:30:00,14.17,14.25,40.89,0.19
2020/10/23 22:00:00,12.76,13.52,39.99,0.19
2020/10/23 22:30:00,11.91,11.99,41.71,0.19
2020/10/23 23:00:00,12.16,12.74,42.61,0.18
2020/10/23 23:30:00,12.01,12.49,43.97,0.18
2020/10/24 00:00:00,10.82,11.11,45.52,0.18
2020/10/24 00:30:00,8.93,8.97,45.22,0.19
2020/10/24 01:00:00,8.11,8.07,,0.19
2020/10/24 01:30:00,7.54,7.42,49.23,0.19
2020/10/24 02:00:00,7.38,7.86,46.5,0.19
2020/10/24 02:30:00,7.78,7.75,42.01,0.19
2020/10/24 03:00:00,8.55,8.24,38.04,0.21
2020/10/24 03:30:00,9.35,10.04,35.6,0.19
2020/10/24 04:00:00,,,,
2020/10/24 04:30:00,9.91,9.79,32.49,0.22
2020/10/24 05:00:00,10.12,10.21,33.81,0.22
2020/10/24 05:30:00,10.6,10.04,32.79,0.22
2020/10/24 06:00:00,11.23,11.07,32.59,0.21
2020/10/24 06:30:00,11.4,11.61,33.35,0.21
2020/10/24 07:00:00,10.81,10.56,36.36,0.21
2020/10/24 07:30:00,11.61,11.69,36.16,0.21
2020/10/24 08:00:00,10.42,10.12,41.79,0.19
2020/10/24 08:30:00,9.28,9.54,48.44,0.18
2020/10/24 09:00:00,9.08,10.16,53.98,0.18
2020/10/24 09:30:00,9.47,9.87,53.31,0.18
2020/10/24 10:00:00,6.98,7.61,57,0.17
2020/10/24 10:30:00,6.35,6.79,59.59,0.17
2020/10/24 11:00:00,6.39,7.67,59.59,0.17
2020/10/24 11:30:00,7.65,8.84,60.37,0.16
2020/10/24 12:00:00,6.37,7.92,62.25,0.16
2020/10/24 12:30:00,6.22,6.96,65.82,0.15
2020/10/24 13:00:00,6.18,7,64.72,0.16
2020/10/24 13:30:00,6.66,7.67,66.54,0.15
2020/10/24 14:00:00,7.44,8.4,65.04,0.15
2020/10/24 14:30:00,6.64,7.86,66.94,0.15
2020/10/24 15:00:00,5.87,6.1,68.11,0.14
2020/10/24 15:30:00,7.57,8.34,65.84,0.14
2020/10/24 16:00:00,9.89,10.46,62.68,0.16
2020/10/24 16:30:00,10.73,10.71,61.55,0.16
2020/10/24 17:00:00,9.39,8.85,62.19,0.16
2020/10/24 17:30:00,10.08,10.29,61.39,0.16
2020/10/24 18:00:00,13.1,13.35,54.98,0.18
2020/10/24 18:30:00,11.59,11.72,53.25,0.17
2020/10/24 19:00:00,12.05,11.61,53.56,0.18
2020/10/24 19:30:00,10.08,9.73,55.78,0.18
2020/10/24 20:00:00,10.23,9.81,55.76,0.17
2020/10/24 20:30:00,8.66,8.57,56.96,0.17
2020/10/24 21:00:00,10.69,10.73,56.06,0.17
2020/10/24 21:30:00,13.79,14.34,49.03,0.17
2020/10/24 22:00:00,9.85,10.42,46.48,0.18
2020/10/24 22:30:00,9.72,9.75,42.69,0.18
2020/10/24 23:00:00,8.85,8.63,41.35,0.18
2020/10/24 23:30:00,8.84,8.76,41.01,0.18
2020/10/25 00:00:00,8.17,8.09,42.67,0.18
2020/10/25 00:30:00,8.63,8.19,41.11,0.18
2020/10/25 01:00:00,,,41.09,
2020/10/25 01:30:00,6.69,6.79,44.76,0.17
2020/10/25 02:00:00,5.87,5.81,,0.17
2020/10/25 02:30:00,7.06,6.69,45.92,0.18
2020/10/25 03:00:00,8.63,7.84,42.27,0.17
2020/10/25 03:30:00,8.63,8.03,43.33,0.17
2020/10/25 04:00:00,10.37,10.12,41.83,0.17
2020/10/25 04:30:00,9.35,9.03,44.05,0.17
2020/10/25 05:00:00,,,,
2020/10/25 05:30:00,7.31,6.62,47.52,0.17
2020/10/25 06:00:00,7.19,7.82,48.1,0.16
2020/10/25 06:30:00,5.13,5.93,49.91,0.16
2020/10/25 07:00:00,6.16,6.58,48.54,0.16
2020/10/25 07:30:00,7.84,8.84,46.48,0.16
2020/10/25 08:00:00,8.34,9.18,46.32,0.16
2020/10/25 08:30:00,8.45,9.31,48.04,0.16
2020/10/25 09:00:00,6.9,7.21,50.47,0.17
2020/10/25 09:30:00,7.32,8.38,49.87,0.16
2020/10/25 10:00:00,6.69,7.78,50.97,0.16
2020/10/25 10:30:00,5.34,6.2,52.91,0.16
2020/10/25 11:00:00,5.37,5.87,53.86,0.15
2020/10/25 11:30:00,5.39,6.08,52.87,0.16
2020/10/25 12:00:00,5.85,6.71,52.37,0.16
2020/10/25 12:30:00,7.82,9.75,49.65,0.16
2020/10/25 13:00:00,8.89,10.77,48.16,0.16
2020/10/25 13:30:00,8.38,9.73,48.62,0.16
2020/10/25 14:00:00,8.05,9.43,48.24,0.17
2020/10/25 14:30:00,8.49,8.8,47.88,0.16
2020/10/25 15:00:00,7.9,8.84,48.46,0.17
2020/10/25 15:30:00,8.01,8.43,47.84,0.17
2020/10/25 16:00:00,10.5,11.28,45.48,0.18
2020/10/25 16:30:00,10.21,10.75,45.96,0.17
2020/10/25 17:00:00,11.13,11.28,45,0.18
2020/10/25 17:30:00,11.19,11.82,44.03,0.18
2020/10/25 18:00:00,12.07,12.6,42.13,0.19
2020/10/25 18:30:00,7.92,8.63,57.66,0.17
2020/10/25 19:00:00,7.96,8.49,54.86,0.17
2020/10/25 19:30:00,6.23,6.96,65.16,0.16
2020/10/25 20:00:00,6.73,6.6,66.7,0.16
2020/10/25 20:30:00,8.59,8.41,58.83,0.17
2020/10/25 21:00:00,9.28,9.33,45.74,0.18
2020/10/25 21:30:00,7.71,7.82,47.02,0.18
2020/10/25 22:00:00,7.29,7.98,47.86,0.17
2020/10/25 22:30:00,7,8.11,48.26,0.17
2020/10/25 23:00:00,6.66,6.48,48,0.18
2020/10/25 23:30:00,4.57,4.55,50.31,0.17
2020/10/26 00:00:00,4.26,4.23,49.01,0.17
2020/10/26 00:30:00,4.32,4.07,48.72,0.17
2020/10/26 01:00:00,3.98,4.42,48.85,0.18
2020/10/26 01:30:00,4.07,4.07,47.98,0.18
2020/10/26 02:00:00,4.69,5.47,46.82,0.16
2020/10/26 02:30:00,5.24,5.24,45.44,0.16
2020/10/26 03:00:00,5.76,5.76,,0.17
2020/10/26 03:30:00,6.77,6.96,42.67,0.17
2020/10/26 04:00:00,8.09,8.15,45.02,0.16
2020/10/26 04:30:00,10.14,10.67,43.93,0.16
2020/10/26 05:00:00,11.05,11.49,41.49,0.17
2020/10/26 05:30:00,9.07,9.62,42.75,0.17
2020/10/26 06:00:00,,,,
2020/10/26 06:30:00,21.78,22.91,33.39,0.19
2020/10/26 07:00:00,30.87,33.99,26.68,0.21
2020/10/26 07:30:00,26.01,28.86,29.32,0.21
2020/10/26 08:00:00,48.37,66.82,11.46,0.21
2020/10/26 08:30:00,30.64,40.66,27.5,0.21
2020/10/26 09:00:00,13.14,14.38,45.08,0.18
2020/10/26 09:30:00,10.12,10.67,47.62,0.19
2020/10/26 10:00:00,12.09,13.6,43.87,0.22
2020/10/26 10:30:00,13.9,15.24,40.35,0.21
2020/10/26 11:00:00,16.81,19.05,37.1,0.21
2020/10/26 11:30:00,16.66,18.28,37.44,0.21
2020/10/26 12:00:00,23.52,28.9,31.43,0.23
2020/10/26 12:30:00,25.42,32.03,27.5,0.23
2020/10/26 13:00:00,25,30.64,27.2,0.23
2020/10/26 13:30:00,26.76,31.84,26.28,0.24
2020/10/26 14:00:00,25.4,28.32,28.38,0.24
2020/10/26 14:30:00,21.88,24.58,26.2,0.24
2020/10/26 15:00:00,25.47,29.34,21.21,0.24
2020/10/26 15:30:00,23.89,26.93,23.39,0.23
2020/10/26 16:00:00,21.13,22.09,27.98,0.24
2020/10/26 16:30:00,20.31,21.04,28.14,0.23
2020/10/26 17:00:00,19.47,19.85,30.33,0.23
2020/10/26 17:30:00,20.1,21.34,30.55,0.23
2020/10/26 18:00:00,15.95,15.8,38.08,0.22
2020/10/26 18:30:00,13.9,13.88,43.99,0.21
2020/10/26 19:00:00,17.21,17.1,41.29,0.19
2020/10/26 19:30:00,12.26,12.35,44.78,0.21
2020/10/26 20:00:00,9.73,9.22,47.46,0.19
2020/10/26 20:30:00,10.14,10.92,44.46,0.19
2020/10/26 21:00:00,12.78,15.32,42.19,0.19
2020/10/26 21:30:00,9.89,11.15,42.01,0.19
2020/10/26 22:00:00,8.51,8.38,42.41,0.19
2020/10/26 22:30:00,9.14,9.16,40.81,0.19
2020/10/26 23:00:00,9.35,9.1,39.42,0.19
2020/10/26 23:30:00,8.82,8.97,39.44,0.19
2020/10/27 00:00:00,9.03,8.72,37.46,0.19
2020/10/27 00:30:00,9.26,8.97,36.52,0.19
2020/10/27 01:00:00,8.8,8.47,,0.19
2020/10/27 01:30:00,8.89,8.61,38.88,0.19
2020/10/27 02:00:00,9.68,9.12,36.9,0.19
2020/10/27 02:30:00,9.45,9.12,37.78,0.18
2020/10/27 03:00:00,9.45,9.16,39.87,0.18
2020/10/27 03:30:00,9.35,8.72,42.99,0.18
2020/10/27 04:00:00,,,,
2020/10/27 04:30:00,11.4,10.56,40.41,0.18
2020/10/27 05:00:00,10.92,10.6,39.77,0.19
2020/10/27 05:30:00,12.34,12.03,38.62,0.18
2020/10/27 06:00:00,12.93,12.89,38.58,0.18
2020/10/27 06:30:00,14.94,14.92,36.78,0.19
2020/10/27 07:00:00,16.29,16.47,35.94,0.19
2020/10/27 07:30:00,16.45,16.89,35.82,0.19
2020/10/27 08:00:00,16.43,17.29,35.74,0.19
2020/10/27 08:30:00,14.71,15.78,37.58,0.19
2020/10/27 09:00:00,12.66,13.46,39.85,0.18
2020/10/27 09:30:00,12.24,13.35,42.03,0.18
2020/10/27 10:00:00,11.91,13.64,44.84,0.19
2020/10/27 10:30:00,11.74,12.78,44.38,0.18
2020/10/27 11:00:00,12.07,13.33,42.79,0.18
2020/10/27 11:30:00,10.56,12.3,44.3,0.18
2020/10/27 12:00:00,10.06,11.7,47.3,0.18
2020/10/27 12:30:00,9.54,10.21,47.5,0.18
2020/10/27 13:00:00,10.04,10.71,47.4,0.18
2020/10/27 13:30:00,10.9,11.8,48.56,0.18
2020/10/27 14:00:00,10.77,11.49,49.39,0.18
2020/10/27 14:30:00,11.63,12.41,49.55,0.18
2020/10/27 15:00:00,12.85,13.31,48.68,0.18
2020/10/27 15:30:00,12.68,12.72,46.62,0.18
2020/10/27 16:00:00,13.92,13.96,44.48,0.18
2020/10/27 16:30:00,13.54,13.64,45.54,0.18
2020/10/27 17:00:00,12.68,13.22,47.36,0.18
2020/10/27 17:30:00,13.96,14.11,45.84,0.19
2020/10/27 18:00:00,13.43,12.79,46.02,0.19
2020/10/27 18:30:00,10.9,11.19,49.03,0.19
2020/10/27 19:00:00,9.6,9.51,50.11,0.18
2020/10/27 19:30:00,8.63,7.96,50.97,0.18
2020/10/27 20:00:00,8.72,7.73,50.37,0.18
2020/10/27 20:30:00,8.26,8.38,48.87,0.18
2020/10/27 21:00:00,7.69,7.78,47.72,0.18
2020/10/27 21:30:00,9.18,8.09,45.74,0.18
2020/10/27 22:00:00,9.07,8.11,45.32,0.19
2020/10/27 22:30:00,9.45,8.87,44.5,0.18
2020/10/27 23:00:00,8.87,8.61,44.18,0.18
2020/10/27 23:30:00,7.73,7.71,44.28,0.18
2020/10/28 00:00:00,6.92,6.56,44.82,0.18
2020/10/28 00:30:00,8.11,7.54,43.49,0.18
2020/10/28 01:00:00,7.04,6.52,43.93,0.18
2020/10/28 01:30:00,6.54,5.43,45.8,0.18
2020/10/28 02:00:00,5.97,5.14,,0.18
2020/10/28 02:30:00,5.76,5.34,47.72,0.18
2020/10/28 03:00:00,6.18,5.91,47.82,0.18
2020/10/28 03:30:00,8.05,7.67,45.2,0.18
2020/10/28 04:00:00,9.03,8.57,44.44,0.18
2020/10/28 04:30:00,5.47,6.43,46.94,0.17
2020/10/28 05:00:00,,,,
2020/10/28 05:30:00,6.48,7.61,45.48,0.18
2020/10/28 06:00:00,6.71,7.04,44.98,0.18
2020/10/28 06:30:00,7.48,8.53,43.35,0.18
2020/10/28 07:00:00,9.12,10.08,41.17,0.18
2020/10/28 07:30:00,11.23,11.91,38.36,0.19
2020/10/28 08:00:00,12.81,14.59,36.24,0.19
2020/10/28 08:30:00,11.13,12.57,37.6,0.19
2020/10/28 09:00:00,11.99,14.4,37.52,0.21
2020/10/28 09:30:00,10.12,14.25,41.25,0.19
2020/10/28 10:00:00,10.79,14.53,40.77,0.19
2020/10/28 10:30:00,10.04,13.64,46.4,0.18
2020/10/28 11:00:00,8.64,12.24,53.03,0.17
2020/10/28 11:30:00,11.02,15.91,53.84,0.16
2020/10/28 12:00:00,8.38,11.63,56.46,0.16
2020/10/28 12:30:00,6.94,9.29,58.93,0.16
2020/10/28 13:00:00,7.17,8.64,58.61,0.16
2020/10/28 13:30:00,7.23,9.49,58.67,0.16
2020/10/28 14:00:00,8.34,9.87,56.98,0.16
2020/10/28 14:30:00,8.59,10.1,57.18,0.16
2020/10/28 15:00:00,9.72,10.44,56.64,0.16
2020/10/28 15:30:00,8.41,9.87,56.98,0.16
2020/10/28 16:00:00,10.16,11.82,54.6,0.17
2020/10/28 16:30:00,13.23,14.32,51.51,0.18
2020/10/28 17:00:00,17.77,18.86,44.24,0.19
2020/10/28 17:30:00,18.42,19.85,42.93,0.19
2020/10/28 18:00:00,12.99,14.21,48.81,0.18
2020/10/28 18:30:00,10.86,11.82,51.53,0.18
2020/10/28 19:00:00,8.97,10.31,53.96,0.17
2020/10/28 19:30:00,9.73,10.27,52.61,0.18
2020/10/28 20:00:00,9.43,10.63,51.11,0.19
2020/10/28 20:30:00,8.15,8.38,52.83,0.17
2020/10/28 21:00:00,7.42,8.47,53.84,0.17
2020/10/28 21:30:00,7.96,9.08,53.5,0.17
2020/10/28 22:00:00,9.1,10.9,49.55,0.17
2020/10/28 22:30:00,8.61,9.2,49.93,0.17
2020/10/28 23:00:00,8.66,9.35,49.87,0.16
2020/10/28 23:30:00,7.32,8.32,52.09,0.17
2020/10/29 00:00:00,6.6,7.11,54.9,0.16
2020/10/29 00:30:00,6.14,7.27,55.74,0.15
2020/10/29 01:00:00,6.12,7.1,54.22,0.16
2020/10/29 01:30:00,7.48,8.24,51.23,0.17
2020/10/29 02:00:00,6.16,7.48,51.17,0.17
2020/10/29 02:30:00,7.36,8.36,47.46,0.17
2020/10/29 03:00:00,6.62,7.44,,0.16
2020/10/29 03:30:00,7.78,8.78,47.02,0.17
2020/10/29 04:00:00,9.03,9.6,41.53,0.18
2020/10/29 04:30:00,6.79,7.52,44.56,0.17
2020/10/29 05:00:00,6.79,7.32,45.48,0.17
2020/10/29 05:30:00,7.44,8.13,44.36,0.18
2020/10/29 06:00:00,,,,
2020/10/29 06:30:00,12.13,12.01,48.99,0.15
2020/10/29 07:00:00,14.32,15.59,47.98,0.16
2020/10/29 07:30:00,20.6,21.84,38.56,0.17
2020/10/29 08:00:00,23.29,25.15,33.71,0.18
2020/10/29 08:30:00,22.95,25.65,32.07,0.19
2020/10/29 09:00:00,21.86,25.11,36.22,0.18
2020/10/29 09:30:00,20.79,24.81,33.31,0.18
2020/10/29 10:00:00,16.12,18.51,44.2,0.17
2020/10/29 10:30:00,19.18,22.38,43.89,0.17
2020/10/29 11:00:00,19.01,22.93,42.81,0.18
2020/10/29 11:30:00,18.59,22.49,41.67,0.17
2020/10/29 12:00:00,17.58,20.96,44.44,0.17
2020/10/29 12:30:00,17.73,21.08,45.2,0.16
2020/10/29 13:00:00,15.05,17.98,52.19,0.16
2020/10/29 13:30:00,12.76,15.97,56.08,0.15
2020/10/29 14:00:00,15.15,17.21,52.61,0.17
2020/10/29 14:30:00,15.19,16.5,53.94,0.16
2020/10/29 15:00:00,13.66,15.3,56.58,0.16
2020/10/29 15:30:00,13.46,14.57,54.66,0.17
2020/10/29 16:00:00,11.46,11.74,55.46,0.16
2020/10/29 16:30:00,15.93,16.37,53.7,0.18
2020/10/29 17:00:00,16.75,17.04,55.88,0.17
2020/10/29 17:30:00,22.38,22.82,46.62,0.18
2020/10/29 18:00:00,22.3,22.8,43.03,0.18
2020/10/29 18:30:00,31.94,33.24,30.69,0.22
2020/10/29 19:00:00,23.31,23.7,37.38,0.21
2020/10/29 19:30:00,25.88,26.3,34.94,0.22
2020/10/29 20:00:00,25.05,25.91,35.28,0.22
2020/10/29 20:30:00,23.87,25.4,35.98,0.21
2020/10/29 21:00:00,28.27,29.97,29.5,0.23
2020/10/29 21:30:00,27.98,28.42,28.8,0.23
2020/10/29 22:00:00,24.06,25.57,31.03,0.22
2020/10/29 22:30:00,18.72,19.35,35.5,0.19
2020/10/29 23:00:00,15.34,15.51,37.84,0.17
2020/10/29 23:30:00,12.79,13.98,39.69,0.16
2020/10/30 00:00:00,11.11,11.69,40.53,0.16
2020/10/30 00:30:00,9.93,10.52,42.27,0.16
2020/10/30 01:00:00,10.14,10.9,,0.16
2020/10/30 01:30:00,8.99,9.01,41.13,0.16
2020/10/30 02:00:00,7.84,8.01,42.45,0.17
2020/10/30 02:30:00,7.9,7.99,40.99,0.15
2020/10/30 03:00:00,8.61,9.31,40.63,0.15
2020/10/30 03:30:00,7.65,8.3,42.09,0.14
2020/10/30 04:00:00,,,,
2020/10/30 04:30:00,7.13,6.96,43.63,0.17
2020/10/30 05:00:00,35.86,37.26,17.64,0.17
2020/10/30 05:30:00,33.99,35.08,17.68,0.18
2020/10/30 06:00:00,27.31,29.41,20.68,0.18
2020/10/30 06:30:00,30.62,35.48,16.48,0.18
2020/10/30 07:00:00,34.29,38.96,13.07,0.19
2020/10/30 07:30:00,37.64,50.85,11.65,0.26
2020/10/30 08:00:00,40.18,54.24,12.65,0.26
2020/10/30 08:30:00,37.98,48.41,16.36,0.25
2020/10/30 09:00:00,30.75,36.76,25.84,0.22
2020/10/30 09:30:00,25.47,30.85,32.43,0.21
2020/10/30 10:00:00,22.03,24.96,41.19,0.22
2020/10/30 10:30:00,23.66,28.08,39.44,0.24
2020/10/30 11:00:00,18.28,21.73,45.62,0.23
2020/10/30 11:30:00,15.24,17.25,50.81,0.22
2020/10/30 12:00:00,15.03,16.56,51.09,0.21
2020/10/30 12:30:00,16.28,18.42,49.25,0.19
2020/10/30 13:00:00,19.09,22.49,43.19,0.21
2020/10/30 13:30:00,16.03,19.01,47.26,0.19
2020/10/30 14:00:00,14.44,17.42,50.35,0.19
2020/10/30 14:30:00,16.5,19.35,51.45,0.19
2020/10/30 15:00:00,17.56,19.28,51.61,0.21
2020/10/30 15:30:00,15.41,17.04,51.29,0.19
2020/10/30 16:00:00,15.99,17.42,49.59,0.21
2020/10/30 16:30:00,16.7,17.63,47.48,0.19
2020/10/30 17:00:00,14.96,15.26,47.28,0.18
2020/10/30 17:30:00,14.59,15.19,44.88,0.19
2020/10/30 18:00:00,14.86,14.88,44.84,0.19
2020/10/30 18:30:00,14.94,15.57,47.74,0.18
2020/10/30 19:00:00,12.68,13.04,50.33,0.18
2020/10/30 19:30:00,12.78,13.58,47.84,0.19
2020/10/30 20:00:00,7.5,7.82,55.1,0.18
2020/10/30 20:30:00,10.16,10.04,50.01,0.18
2020/10/30 21:00:00,9.56,10.33,50.91,0.18
2020/10/30 21:30:00,8.22,8.49,51.49,0.18
2020/10/30 22:00:00,9.22,9.77,45.64,0.19
2020/10/30 22:30:00,7.25,7.4,45.72,0.19
2020/10/30 23:00:00,9.79,10.56,37.46,0.19
2020/10/30 23:30:00,9.54,10.44,29.94,0.19
2020/10/31 00:00:00,10.4,11.53,24.89,0.19
2020/10/31 00:30:00,15.47,16.39,17.78,0.19
2020/10/31 01:00:00,19.85,20.64,13.37,0.21
2020/10/31 01:30:00,18.38,19.62,14.65,0.21
2020/10/31 02:00:00,22.66,23.43,,0.21
2020/10/31 02:30:00,18.4,19.58,15.57,0.19
2020/10/31 03:00:00,14.1,14.53,19.54,0.21
2020/10/31 03:30:00,11.46,11.9,23.45,0.19
2020/10/31 04:00:00,10.37,10.04,24.33,0.19
2020/10/31 04:30:00,12.03,12.68,22.77,0.19
2020/10/31 05:00:00,,,,
2020/10/31 05:30:00,9.18,9.22,27,0.18
2020/10/31 06:00:00,8.78,8.36,26.58,0.19
2020/10/31 06:30:00,9.96,10.86,23.79,0.19
2020/10/31 07:00:00,10.1,10.1,24.09,0.19
2020/10/31 07:30:00,10.29,11.02,26.06,0.19
2020/10/31 08:00:00,13.96,16.1,21.75,0.19
2020/10/31 08:30:00,18.97,22.62,21.33,0.19
2020/10/31 09:00:00,16.96,20.16,33.25,0.19
2020/10/31 09:30:00,8.7,9.77,46.38,0.17
2020/10/31 10:00:00,9.77,11.02,43.09,0.18
2020/10/31 10:30:00,13.18,15.43,36.94,0.19
2020/10/31 11:00:00,19.35,24.88,29.14,0.19
2020/10/31 11:30:00,20.79,25.49,31.53,0.19
2020/10/31 12:00:00,17.98,22.76,31.77,0.21
2020/10/31 12:30:00,16.24,19.07,31.71,0.19
2020/10/31 13:00:00,18.57,22.34,33.23,0.19
2020/10/31 13:30:00,16.5,20.08,35.26,0.18
2020/10/31 14:00:00,13.96,16.79,34.19,0.19
2020/10/31 14:30:00,13.35,15.07,36.48,0.18
2020/10/31 15:00:00,11.32,12.16,41.29,0.17
2020/10/31 15:30:00,16.22,17.79,37.16,0.19
2020/10/31 16:00:00,16.5,17.71,36.18,0.18
2020/10/31 16:30:00,17.77,19.3,33.89,0.18
2020/10/31 17:00:00,12.74,13.77,40.71,0.18
2020/10/31 17:30:00,15.38,16.35,36.52,0.19
2020/10/31 18:00:00,16.05,16.14,36.62,0.19
2020/10/31 18:30:00,14.27,15.7,41.31,0.19
2020/10/31 19:00:00,14.25,15.41,44.7,0.18
2020/10/31 19:30:00,14.61,14.67,45.16,0.18
2020/10/31 20:00:00,12.97,13.37,46.14,0.17
2020/10/31 20:30:00,12.47,12.58,37.72,0.18
2020/10/31 21:00:00,11.13,12.07,31.73,0.19
2020/10/31 21:30:00,11.63,12.26,31.13,0.19
2020/10/31 22:00:00,12.43,13.46,31.17,0.19
2020/10/31 22:30:00,13.44,14.27,29.92,0.19
2020/10/31 23:00:00,12.72,13.1,33.59,0.18
2020/10/31 23:30:00,6.87,7.17,48.26,0.17
