DateTime,NO2(myg/m3),NOx(myg/m3)
2020/10/1 00:00:00,8.51,11.19
2020/10/1 00:30:00,7.52,8.19
2020/10/1 01:00:00,4.76,5.97
2020/10/1 01:30:00,5.14,6.73
2020/10/1 02:00:00,5.76,8.17
2020/10/1 02:30:00,6.23,7.92
2020/10/1 03:00:00,6.18,7.48
2020/10/1 03:30:00,4.63,6.94
2020/10/1 04:00:00,7.17,10.52
2020/10/1 04:30:00,8.05,14.55
2020/10/1 05:00:00,,
2020/10/1 05:30:00,30.37,64.64
2020/10/1 06:00:00,28.08,66.61
2020/10/1 06:30:00,30.45,69.8
2020/10/1 07:00:00,40.2,90.46
2020/10/1 07:30:00,33.14,77.9
2020/10/1 08:00:00,32.53,71.16
2020/10/1 08:30:00,33.41,65.98
2020/10/1 09:00:00,26.77,54.5
2020/10/1 09:30:00,21.44,46.65
2020/10/1 10:00:00,27.98,69
2020/10/1 10:30:00,33.87,80.52
2020/10/1 11:00:00,25.3,56.86
2020/10/1 11:30:00,34.77,77.82
2020/10/1 12:00:00,21.59,46.84
2020/10/1 12:30:00,22.89,49.57
2020/10/1 13:00:00,29.53,60.59
2020/10/1 13:30:00,24.84,57.62
2020/10/1 14:00:00,25.28,57.6
2020/10/1 14:30:00,23.94,57.5
2020/10/1 15:00:00,25.38,56.94
2020/10/1 15:30:00,19.39,39.15
2020/10/1 16:00:00,18.9,48.16
2020/10/1 16:30:00,14.25,31.96
2020/10/1 17:00:00,15.05,34.33
2020/10/1 17:30:00,14.27,26.66
2020/10/1 18:00:00,16.05,32.23
2020/10/1 18:30:00,12.7,25.67
2020/10/1 19:00:00,13.02,24.73
2020/10/1 19:30:00,9.56,18.19
2020/10/1 20:00:00,8.57,15.9
2020/10/1 20:30:00,11.07,19.58
2020/10/1 21:00:00,11.51,17.86
2020/10/1 21:30:00,10.5,17.35
2020/10/1 22:00:00,9.87,15.63
2020/10/1 22:30:00,6.79,10.82
2020/10/1 23:00:00,5.39,7.5
2020/10/1 23:30:00,3.54,4.69
2020/10/2 00:00:00,3.63,6.1
2020/10/2 00:30:00,4.49,5.6
2020/10/2 01:00:00,5.24,6.69
2020/10/2 01:30:00,4.36,5.24
2020/10/2 02:00:00,5.85,6.58
2020/10/2 02:30:00,5.03,7.8
2020/10/2 03:00:00,,
2020/10/2 03:30:00,7.55,10.96
2020/10/2 04:00:00,12.51,19.91
2020/10/2 04:30:00,9.89,15.7
2020/10/2 05:00:00,15.3,27.98
2020/10/2 05:30:00,20.33,45.61
2020/10/2 06:00:00,,
2020/10/2 06:30:00,36.85,89.73
2020/10/2 07:00:00,43.49,102.2
2020/10/2 07:30:00,29.78,72.14
2020/10/2 08:00:00,24.37,51.92
2020/10/2 08:30:00,25.07,61.3
2020/10/2 09:00:00,22.99,58.43
2020/10/2 09:30:00,25.13,58.2
2020/10/2 10:00:00,20.06,51.3
2020/10/2 10:30:00,34.81,79.45
2020/10/2 11:00:00,22.91,50.45
2020/10/2 11:30:00,21.69,47.7
2020/10/2 12:00:00,19.74,47.3
2020/10/2 12:30:00,18.84,43.76
2020/10/2 13:00:00,19.47,47.3
2020/10/2 13:30:00,19.97,43.47
2020/10/2 14:00:00,21.23,48.48
2020/10/2 14:30:00,23.35,51.12
2020/10/2 15:00:00,21.67,51.68
2020/10/2 15:30:00,22.15,43.74
2020/10/2 16:00:00,21.11,47.51
2020/10/2 16:30:00,16.96,33.93
2020/10/2 17:00:00,17.37,35.55
2020/10/2 17:30:00,10.1,18.7
2020/10/2 18:00:00,12.16,23.12
2020/10/2 18:30:00,9.31,16.62
2020/10/2 19:00:00,9.6,17.33
2020/10/2 19:30:00,9.83,15.87
2020/10/2 20:00:00,8.89,16.73
2020/10/2 20:30:00,9.89,15.36
2020/10/2 21:00:00,12.66,20.12
2020/10/2 21:30:00,8.87,14.97
2020/10/2 22:00:00,8.87,13.56
2020/10/2 22:30:00,4.67,8.84
2020/10/2 23:00:00,6.2,8.26
2020/10/2 23:30:00,5.66,8.9
2020/10/3 00:00:00,6.83,9.39
2020/10/3 00:30:00,6.2,7.44
2020/10/3 01:00:00,5.45,6.56
2020/10/3 01:30:00,4.07,4.99
2020/10/3 02:00:00,3.73,4.13
2020/10/3 02:30:00,3.42,3.61
2020/10/3 03:00:00,3.96,4.55
2020/10/3 03:30:00,3.52,3.63
2020/10/3 04:00:00,,
2020/10/3 04:30:00,4.78,6.67
2020/10/3 05:00:00,3.83,4.3
2020/10/3 05:30:00,3.88,7.82
2020/10/3 06:00:00,6.62,9.39
2020/10/3 06:30:00,6.81,12.95
2020/10/3 07:00:00,7.75,14.4
2020/10/3 07:30:00,9.14,15.15
2020/10/3 08:00:00,9.37,20.6
2020/10/3 08:30:00,11.69,27.88
2020/10/3 09:00:00,10.6,22.99
2020/10/3 09:30:00,8.78,20.27
2020/10/3 10:00:00,10.84,24.17
2020/10/3 10:30:00,11.32,25.72
2020/10/3 11:00:00,8.57,18.9
2020/10/3 11:30:00,8.66,18.19
2020/10/3 12:00:00,10.4,20.18
2020/10/3 12:30:00,10.02,22.66
2020/10/3 13:00:00,9.24,22.24
2020/10/3 13:30:00,12.87,22.68
2020/10/3 14:00:00,9.73,19.93
2020/10/3 14:30:00,7.96,18.46
2020/10/3 15:00:00,10.48,19.9
2020/10/3 15:30:00,9.91,18.74
2020/10/3 16:00:00,10.79,18.86
2020/10/3 16:30:00,10,18.76
2020/10/3 17:00:00,10.06,18.36
2020/10/3 17:30:00,9.39,16.72
2020/10/3 18:00:00,6.83,13.85
2020/10/3 18:30:00,10.37,17.6
2020/10/3 19:00:00,6.16,13.46
2020/10/3 19:30:00,7.42,12.89
2020/10/3 20:00:00,7.46,13.18
2020/10/3 20:30:00,7.55,14.88
2020/10/3 21:00:00,9.96,17.25
2020/10/3 21:30:00,8.24,14.99
2020/10/3 22:00:00,6.41,10.17
2020/10/3 22:30:00,7.48,10.82
2020/10/3 23:00:00,7.13,11.21
2020/10/3 23:30:00,5.76,6.96
2020/10/4 00:00:00,5.99,7.57
2020/10/4 00:30:00,5.55,7.82
2020/10/4 01:00:00,5.57,6.92
2020/10/4 01:30:00,9.54,10.86
2020/10/4 02:00:00,7.13,8.93
2020/10/4 02:30:00,6.31,6.29
2020/10/4 03:00:00,8.47,9.7
2020/10/4 03:30:00,7.59,9.16
2020/10/4 04:00:00,6.96,7.98
2020/10/4 04:30:00,7.61,8.55
2020/10/4 05:00:00,,
2020/10/4 05:30:00,11.74,17.73
2020/10/4 06:00:00,13.46,19.62
2020/10/4 06:30:00,14.08,24.92
2020/10/4 07:00:00,20.33,35.13
2020/10/4 07:30:00,19.81,35.9
2020/10/4 08:00:00,25.99,60.45
2020/10/4 08:30:00,25.74,51.89
2020/10/4 09:00:00,24.65,54.5
2020/10/4 09:30:00,13.92,25.68
2020/10/4 10:00:00,18.44,41.39
2020/10/4 10:30:00,25.34,72.83
2020/10/4 11:00:00,30.7,65.14
2020/10/4 11:30:00,28.34,61.93
2020/10/4 12:00:00,33.58,88.74
2020/10/4 12:30:00,30.54,73.8
2020/10/4 13:00:00,27.81,74.55
2020/10/4 13:30:00,40.43,96.6
2020/10/4 14:00:00,29.72,66.25
2020/10/4 14:30:00,28.92,79.94
2020/10/4 15:00:00,23.45,50.76
2020/10/4 15:30:00,30.52,61.95
2020/10/4 16:00:00,27.43,58.62
2020/10/4 16:30:00,31.19,61.43
2020/10/4 17:00:00,39.78,73.96
2020/10/4 17:30:00,43.45,86.67
2020/10/4 18:00:00,34.54,71.83
2020/10/4 18:30:00,37.73,71.9
2020/10/4 19:00:00,34.23,65.73
2020/10/4 19:30:00,31.63,55.88
2020/10/4 20:00:00,28.94,49.44
2020/10/4 20:30:00,30.03,52.67
2020/10/4 21:00:00,28.32,49.99
2020/10/4 21:30:00,23.93,39.78
2020/10/4 22:00:00,18.03,27.4
2020/10/4 22:30:00,11.49,17.4
2020/10/4 23:00:00,12.47,18.93
2020/10/4 23:30:00,9.6,12.53
2020/10/5 00:00:00,21.88,31.8
2020/10/5 00:30:00,15.87,20.39
2020/10/5 01:00:00,14.53,16.85
2020/10/5 01:30:00,17.71,24.92
2020/10/5 02:00:00,11.78,14.53
2020/10/5 02:30:00,18.05,25.19
2020/10/5 03:00:00,18.3,20.67
2020/10/5 03:30:00,23.56,30.81
2020/10/5 04:00:00,26.39,40.26
2020/10/5 04:30:00,30.37,56.34
2020/10/5 05:00:00,37.27,62.23
2020/10/5 05:30:00,56.53,129.44
2020/10/5 06:00:00,,
2020/10/5 06:30:00,72.71,178.38
2020/10/5 07:00:00,68.22,174.75
2020/10/5 07:30:00,62.27,152.87
2020/10/5 08:00:00,62.14,141.18
2020/10/5 08:30:00,66.21,157.19
2020/10/5 09:00:00,50.62,107.92
2020/10/5 09:30:00,35.25,76
2020/10/5 10:00:00,36.34,79.29
2020/10/5 10:30:00,49.15,106.28
2020/10/5 11:00:00,45.4,90.21
2020/10/5 11:30:00,34.88,69.42
2020/10/5 12:00:00,37.22,76.14
2020/10/5 12:30:00,36.59,77.55
2020/10/5 13:00:00,37.85,70.3
2020/10/5 13:30:00,39,74.53
2020/10/5 14:00:00,32.42,60.13
2020/10/5 14:30:00,25.67,47.51
2020/10/5 15:00:00,17.44,37.91
2020/10/5 15:30:00,23.54,44.24
2020/10/5 16:00:00,33.24,62.84
2020/10/5 16:30:00,25.21,45.86
2020/10/5 17:00:00,26.07,46.55
2020/10/5 17:30:00,19.41,34.94
2020/10/5 18:00:00,13.83,22.4
2020/10/5 18:30:00,13.98,25.91
2020/10/5 19:00:00,17.21,31.6
2020/10/5 19:30:00,17.69,30.52
2020/10/5 20:00:00,23.03,40.26
2020/10/5 20:30:00,14.02,23.49
2020/10/5 21:00:00,21.13,40.37
2020/10/5 21:30:00,16.58,26.2
2020/10/5 22:00:00,14.53,20.27
2020/10/5 22:30:00,20.69,27.31
2020/10/5 23:00:00,8.55,9.96
2020/10/5 23:30:00,5.41,5.93
2020/10/6 00:00:00,6.27,8.3
2020/10/6 00:30:00,6.46,8.32
2020/10/6 01:00:00,5.72,6.67
2020/10/6 01:30:00,6.46,7.46
2020/10/6 02:00:00,8.09,10.8
2020/10/6 02:30:00,7.63,9.26
2020/10/6 03:00:00,6.79,8.97
2020/10/6 03:30:00,10.81,14.17
2020/10/6 04:00:00,,
2020/10/6 04:30:00,24.56,55
2020/10/6 05:00:00,35.8,72.12
2020/10/6 05:30:00,47.79,130.28
2020/10/6 06:00:00,68.54,187.56
2020/10/6 06:30:00,46.95,150.46
2020/10/6 07:00:00,65.56,195.71
2020/10/6 07:30:00,46.05,131.79
2020/10/6 08:00:00,36.22,94.11
2020/10/6 08:30:00,34.6,88.34
2020/10/6 09:00:00,42.32,100.2
2020/10/6 09:30:00,46.21,98.61
2020/10/6 10:00:00,28.21,70.61
2020/10/6 10:30:00,30.16,69.92
2020/10/6 11:00:00,36.39,94.6
2020/10/6 11:30:00,29.55,66.44
2020/10/6 12:00:00,27.02,70.28
2020/10/6 12:30:00,28.71,71.49
2020/10/6 13:00:00,30.39,76.2
2020/10/6 13:30:00,31.06,71.43
2020/10/6 14:00:00,32.07,77.55
2020/10/6 14:30:00,28.5,66.98
2020/10/6 15:00:00,23.45,61.98
2020/10/6 15:30:00,30.12,69.23
2020/10/6 16:00:00,30.03,67.65
2020/10/6 16:30:00,29.11,62.12
2020/10/6 17:00:00,30.43,67.8
2020/10/6 17:30:00,26.26,53.47
2020/10/6 18:00:00,26.76,53.51
2020/10/6 18:30:00,24.73,46.93
2020/10/6 19:00:00,20.52,39.88
2020/10/6 19:30:00,20.29,43.55
2020/10/6 20:00:00,25.49,53.53
2020/10/6 20:30:00,24.17,44.47
2020/10/6 21:00:00,16.85,33.28
2020/10/6 21:30:00,16.79,24.81
2020/10/6 22:00:00,12.6,19.79
2020/10/6 22:30:00,10.27,14.8
2020/10/6 23:00:00,9.29,13.33
2020/10/6 23:30:00,7.73,11.86
2020/10/7 00:00:00,5.87,9.26
2020/10/7 00:30:00,6.66,8.68
2020/10/7 01:00:00,5.85,7.52
2020/10/7 01:30:00,6.79,8.15
2020/10/7 02:00:00,8.47,10.73
2020/10/7 02:30:00,11.55,17.67
2020/10/7 03:00:00,9.31,12.49
2020/10/7 03:30:00,13.06,21.67
2020/10/7 04:00:00,17.08,33.81
2020/10/7 04:30:00,16.35,35.34
2020/10/7 05:00:00,,
2020/10/7 05:30:00,46.78,126.68
2020/10/7 06:00:00,61.45,163.8
2020/10/7 06:30:00,44.33,129.11
2020/10/7 07:00:00,48.23,121.56
2020/10/7 07:30:00,45.48,103.1
2020/10/7 08:00:00,42.51,110.5
2020/10/7 08:30:00,36.76,94.8
2020/10/7 09:00:00,31.92,68.41
2020/10/7 09:30:00,45.94,88.68
2020/10/7 10:00:00,37.6,83.8
2020/10/7 10:30:00,23.22,75.47
2020/10/7 11:00:00,22.19,56.9
2020/10/7 11:30:00,31.67,69.14
2020/10/7 12:00:00,28.82,69.71
2020/10/7 12:30:00,25.46,57.72
2020/10/7 13:00:00,33.56,73.46
2020/10/7 13:30:00,24.08,53.76
2020/10/7 14:00:00,28.82,62.94
2020/10/7 14:30:00,21.5,41.83
2020/10/7 15:00:00,26.6,52.71
2020/10/7 15:30:00,24.56,43.7
2020/10/7 16:00:00,29.22,54.66
2020/10/7 16:30:00,23.83,44.54
2020/10/7 17:00:00,23.73,48.6
2020/10/7 17:30:00,26.41,43.89
2020/10/7 18:00:00,36.07,66.31
2020/10/7 18:30:00,23.81,34.58
2020/10/7 19:00:00,15.09,20.43
2020/10/7 19:30:00,17.54,25.91
2020/10/7 20:00:00,16.87,23.2
2020/10/7 20:30:00,15.53,21.71
2020/10/7 21:00:00,16.45,21.59
2020/10/7 21:30:00,15.91,23.16
2020/10/7 22:00:00,10.14,11.48
2020/10/7 22:30:00,8.8,10.12
2020/10/7 23:00:00,8.43,9.98
2020/10/7 23:30:00,7.73,8.95
2020/10/8 00:00:00,5.97,6.98
2020/10/8 00:30:00,5.85,6.54
2020/10/8 01:00:00,5.83,6.5
2020/10/8 01:30:00,6.56,7.52
2020/10/8 02:00:00,5.55,7.15
2020/10/8 02:30:00,8.61,12.43
2020/10/8 03:00:00,5.34,5.22
2020/10/8 03:30:00,6.67,8.91
2020/10/8 04:00:00,9.54,16.5
2020/10/8 04:30:00,10.1,15.57
2020/10/8 05:00:00,14.11,20.98
2020/10/8 05:30:00,29.36,60.7
2020/10/8 06:00:00,,
2020/10/8 06:30:00,36.34,66.31
2020/10/8 07:00:00,31.12,58.3
2020/10/8 07:30:00,29.22,63.82
2020/10/8 08:00:00,43.03,90.27
2020/10/8 08:30:00,37.92,87.15
2020/10/8 09:00:00,32.72,73.34
2020/10/8 09:30:00,29.07,63.93
2020/10/8 10:00:00,32.42,64.57
2020/10/8 10:30:00,24.94,62.37
2020/10/8 11:00:00,30.16,60.61
2020/10/8 11:30:00,32.86,67.7
2020/10/8 12:00:00,25.07,65.77
2020/10/8 12:30:00,33.45,74.49
2020/10/8 13:00:00,25.8,61.6
2020/10/8 13:30:00,30.37,66.61
2020/10/8 14:00:00,28.67,71.37
2020/10/8 14:30:00,33.37,75.5
2020/10/8 15:00:00,24.17,59.4
2020/10/8 15:30:00,37.01,79.12
2020/10/8 16:00:00,33.74,71.76
2020/10/8 16:30:00,22.78,43.99
2020/10/8 17:00:00,26.26,48.1
2020/10/8 17:30:00,18.74,34.37
2020/10/8 18:00:00,16.26,31.63
2020/10/8 18:30:00,17.84,34.62
2020/10/8 19:00:00,16.54,28.74
2020/10/8 19:30:00,18.69,35.65
2020/10/8 20:00:00,19.93,38.36
2020/10/8 20:30:00,24.81,50.82
2020/10/8 21:00:00,16.7,37.3
2020/10/8 21:30:00,16.56,26.68
2020/10/8 22:00:00,13.67,21.2
2020/10/8 22:30:00,11.88,15.3
2020/10/8 23:00:00,9.03,11.5
2020/10/8 23:30:00,9.28,8.89
2020/10/9 00:00:00,7.86,7.8
2020/10/9 00:30:00,6.22,5.7
2020/10/9 01:00:00,,
2020/10/9 01:30:00,4.17,3.12
2020/10/9 02:00:00,4.09,3.56
2020/10/9 02:30:00,3.96,3.73
2020/10/9 03:00:00,4.28,3.52
2020/10/9 03:30:00,3.98,3.6
2020/10/9 04:00:00,,
2020/10/9 04:30:00,5.57,6.4
2020/10/9 05:00:00,7.75,8.57
2020/10/9 05:30:00,10.71,12.66
2020/10/9 06:00:00,23.81,32.51
2020/10/9 06:30:00,34.18,49.46
2020/10/9 07:00:00,25.51,37.27
2020/10/9 07:30:00,27.27,46.34
2020/10/9 08:00:00,19.45,30.5
2020/10/9 08:30:00,19.2,32.17
2020/10/9 09:00:00,18.84,31.31
2020/10/9 09:30:00,13.69,29.66
2020/10/9 10:00:00,13.62,22.3
2020/10/9 10:30:00,14.52,26.77
2020/10/9 11:00:00,14.59,28.31
2020/10/9 11:30:00,10.88,19.78
2020/10/9 12:00:00,8.43,14.69
2020/10/9 12:30:00,12.58,24.5
2020/10/9 13:00:00,15.47,26.83
2020/10/9 13:30:00,17.02,30.6
2020/10/9 14:00:00,16.24,28.25
2020/10/9 14:30:00,18.88,35.69
2020/10/9 15:00:00,30.14,58.47
2020/10/9 15:30:00,32.65,63.55
2020/10/9 16:00:00,34.88,81.55
2020/10/9 16:30:00,36.45,65.58
2020/10/9 17:00:00,38.82,69.12
2020/10/9 17:30:00,38.25,81.99
2020/10/9 18:00:00,36.95,74.53
2020/10/9 18:30:00,31.77,60.45
2020/10/9 19:00:00,32.38,61.87
2020/10/9 19:30:00,27.16,47.26
2020/10/9 20:00:00,25.23,44.18
2020/10/9 20:30:00,24.67,40.58
2020/10/9 21:00:00,19.7,34.85
2020/10/9 21:30:00,17.44,29.62
2020/10/9 22:00:00,17.56,30.24
2020/10/9 22:30:00,17.82,29.93
2020/10/9 23:00:00,14.57,21.27
2020/10/9 23:30:00,14.99,23.3
2020/10/10 00:00:00,9.49,12.51
2020/10/10 00:30:00,10.69,16.5
2020/10/10 01:00:00,13.54,18.3
2020/10/10 01:30:00,9.93,11.84
2020/10/10 02:00:00,13.37,20.2
2020/10/10 02:30:00,10.16,12.51
2020/10/10 03:00:00,8.09,10.4
2020/10/10 03:30:00,10.92,14.46
2020/10/10 04:00:00,9.66,13.8
2020/10/10 04:30:00,8.85,10.35
2020/10/10 05:00:00,,
2020/10/10 05:30:00,10.19,14.94
2020/10/10 06:00:00,13.31,23.16
2020/10/10 06:30:00,10.21,16.37
2020/10/10 07:00:00,18.07,29.87
2020/10/10 07:30:00,12.6,21.15
2020/10/10 08:00:00,13.69,21.67
2020/10/10 08:30:00,18.74,33.28
2020/10/10 09:00:00,21.8,44.47
2020/10/10 09:30:00,18.76,31.88
2020/10/10 10:00:00,13.33,21.69
2020/10/10 10:30:00,18.05,30.16
2020/10/10 11:00:00,14,25.19
2020/10/10 11:30:00,10.46,18.51
2020/10/10 12:00:00,13.12,23.26
2020/10/10 12:30:00,9.52,15.99
2020/10/10 13:00:00,16.41,28.6
2020/10/10 13:30:00,22.91,40.55
2020/10/10 14:00:00,20.35,42.25
2020/10/10 14:30:00,21.19,37.54
2020/10/10 15:00:00,17.65,26.83
2020/10/10 15:30:00,39.01,72.46
2020/10/10 16:00:00,36.26,73.8
2020/10/10 16:30:00,38.33,71.68
2020/10/10 17:00:00,23.29,35.99
2020/10/10 17:30:00,17.48,23.98
2020/10/10 18:00:00,18.8,27.25
2020/10/10 18:30:00,18.26,28.61
2020/10/10 19:00:00,22.4,34.52
2020/10/10 19:30:00,20.94,30.39
2020/10/10 20:00:00,18.74,25.25
2020/10/10 20:30:00,20.56,29.18
2020/10/10 21:00:00,22.13,30.98
2020/10/10 21:30:00,13.16,17.98
2020/10/10 22:00:00,17.37,26.32
2020/10/10 22:30:00,16.83,27.46
2020/10/10 23:00:00,14.52,22.24
2020/10/10 23:30:00,12.34,16.66
2020/10/11 00:00:00,7.57,9.37
2020/10/11 00:30:00,10.06,14.57
2020/10/11 01:00:00,8.36,10.38
2020/10/11 01:30:00,8.11,10.5
2020/10/11 02:00:00,8.13,11.28
2020/10/11 02:30:00,6.88,9.47
2020/10/11 03:00:00,3.23,3.58
2020/10/11 03:30:00,5.81,7.82
2020/10/11 04:00:00,4.19,4.86
2020/10/11 04:30:00,7.34,10.6
2020/10/11 05:00:00,7.63,8.78
2020/10/11 05:30:00,7.38,8.17
2020/10/11 06:00:00,,
2020/10/11 06:30:00,20.44,30.27
2020/10/11 07:00:00,20.16,37.5
2020/10/11 07:30:00,21.21,43.15
2020/10/11 08:00:00,13.2,22.87
2020/10/11 08:30:00,16.41,34.64
2020/10/11 09:00:00,23.35,46.9
2020/10/11 09:30:00,18.25,36.47
2020/10/11 10:00:00,10.84,19.11
2020/10/11 10:30:00,13.79,36.18
2020/10/11 11:00:00,20.81,42.99
2020/10/11 11:30:00,19.3,41.23
2020/10/11 12:00:00,19.41,41.83
2020/10/11 12:30:00,22.22,48.5
2020/10/11 13:00:00,21.13,47.26
2020/10/11 13:30:00,18.32,50.28
2020/10/11 14:00:00,21.67,48.9
2020/10/11 14:30:00,21.92,44.94
2020/10/11 15:00:00,24.31,49.9
2020/10/11 15:30:00,23.28,43.66
2020/10/11 16:00:00,36.26,73.29
2020/10/11 16:30:00,39.78,77.63
2020/10/11 17:00:00,47.05,91.5
2020/10/11 17:30:00,39.91,78.64
2020/10/11 18:00:00,43.68,80.36
2020/10/11 18:30:00,41.71,68.83
2020/10/11 19:00:00,38.69,64.26
2020/10/11 19:30:00,45.57,68.5
2020/10/11 20:00:00,54.2,98.7
2020/10/11 20:30:00,50.26,85.93
2020/10/11 21:00:00,40.81,59.38
2020/10/11 21:30:00,39.7,67.72
2020/10/11 22:00:00,36.68,50.47
2020/10/11 22:30:00,46.13,68.37
2020/10/11 23:00:00,52.44,106.11
2020/10/11 23:30:00,42.3,68.91
2020/10/12 00:00:00,36.39,51.45
2020/10/12 00:30:00,35.44,55.33
2020/10/12 01:00:00,33.77,53.47
2020/10/12 01:30:00,34.9,45.79
2020/10/12 02:00:00,33.03,49.59
2020/10/12 02:30:00,30.87,50.49
2020/10/12 03:00:00,33.35,62.92
2020/10/12 03:30:00,19.78,21.96
2020/10/12 04:00:00,,
2020/10/12 04:30:00,27.96,47.62
2020/10/12 05:00:00,41.75,99.99
2020/10/12 05:30:00,54.53,203.66
2020/10/12 06:00:00,58.29,188.5
2020/10/12 06:30:00,57.24,196.51
2020/10/12 07:00:00,55.42,168.47
2020/10/12 07:30:00,52.71,199.24
2020/10/12 08:00:00,51.89,173.1
2020/10/12 08:30:00,46.07,163.29
2020/10/12 09:00:00,35.65,70.55
2020/10/12 09:30:00,30.05,59.77
2020/10/12 10:00:00,30.37,77.72
2020/10/12 10:30:00,24.19,43.38
2020/10/12 11:00:00,25.46,59.12
2020/10/12 11:30:00,15.15,28.42
2020/10/12 12:00:00,18.46,41.88
2020/10/12 12:30:00,17.25,30.87
2020/10/12 13:00:00,11.09,18.4
2020/10/12 13:30:00,13.18,20.16
2020/10/12 14:00:00,10.9,16.6
2020/10/12 14:30:00,15.43,27.77
2020/10/12 15:00:00,19.37,35.95
2020/10/12 15:30:00,24.44,43.9
2020/10/12 16:00:00,32.28,56.17
2020/10/12 16:30:00,31.1,52.59
2020/10/12 17:00:00,27.83,36.43
2020/10/12 17:30:00,31.33,46.86
2020/10/12 18:00:00,39.23,63.2
2020/10/12 18:30:00,52.29,92.95
2020/10/12 19:00:00,36.07,50.83
2020/10/12 19:30:00,38.98,64.15
2020/10/12 20:00:00,40.89,63.53
2020/10/12 20:30:00,48.08,92.43
2020/10/12 21:00:00,39.03,60.51
2020/10/12 21:30:00,33.76,45.25
2020/10/12 22:00:00,30.64,39.28
2020/10/12 22:30:00,28.74,41.71
2020/10/12 23:00:00,25.65,30.62
2020/10/12 23:30:00,26.85,37.81
2020/10/13 00:00:00,22.24,23.64
2020/10/13 00:30:00,16.08,19.13
2020/10/13 01:00:00,13.31,15.97
2020/10/13 01:30:00,14.1,17.82
2020/10/13 02:00:00,18.03,23.7
2020/10/13 02:30:00,14.92,16.31
2020/10/13 03:00:00,12.41,13.94
2020/10/13 03:30:00,17.65,25.74
2020/10/13 04:00:00,18.9,28.36
2020/10/13 04:30:00,42.44,96.81
2020/10/13 05:00:00,,
2020/10/13 05:30:00,50.76,166.98
2020/10/13 06:00:00,71.3,275
2020/10/13 06:30:00,76.6,389.77
2020/10/13 07:00:00,83.79,387.68
2020/10/13 07:30:00,86.02,466.82
2020/10/13 08:00:00,72.33,254.2
2020/10/13 08:30:00,64.15,161.42
2020/10/13 09:00:00,51.39,126.65
2020/10/13 09:30:00,57.6,137.13
2020/10/13 10:00:00,58.6,131.16
2020/10/13 10:30:00,55.79,130.89
2020/10/13 11:00:00,55.94,133.32
2020/10/13 11:30:00,43.17,97.61
2020/10/13 12:00:00,33.81,77.46
2020/10/13 12:30:00,31.1,77.82
2020/10/13 13:00:00,36.28,80.63
2020/10/13 13:30:00,27.58,58.18
2020/10/13 14:00:00,35.34,76.35
2020/10/13 14:30:00,33.6,75.33
2020/10/13 15:00:00,36.11,69.46
2020/10/13 15:30:00,38.46,70.44
2020/10/13 16:00:00,47.01,88.24
2020/10/13 16:30:00,42.08,70.69
2020/10/13 17:00:00,50.28,89.43
2020/10/13 17:30:00,48.08,82.1
2020/10/13 18:00:00,41.69,61.12
2020/10/13 18:30:00,35.9,53.28
2020/10/13 19:00:00,26.2,45.15
2020/10/13 19:30:00,16.58,31.1
2020/10/13 20:00:00,13.67,23.81
2020/10/13 20:30:00,12.16,20.54
2020/10/13 21:00:00,8.38,16.79
2020/10/13 21:30:00,6.92,14.75
2020/10/13 22:00:00,4.26,9.56
2020/10/13 22:30:00,3.4,6.88
2020/10/13 23:00:00,3.46,6.22
2020/10/13 23:30:00,3.06,4.7
2020/10/14 00:00:00,5.49,6.54
2020/10/14 00:30:00,3.9,5.57
2020/10/14 01:00:00,2.77,3.63
2020/10/14 01:30:00,1.59,4.57
2020/10/14 02:00:00,2.51,2.85
2020/10/14 02:30:00,2.52,3.17
2020/10/14 03:00:00,2.35,3.52
2020/10/14 03:30:00,3.81,6.79
2020/10/14 04:00:00,4.92,7.98
2020/10/14 04:30:00,6.94,12.81
2020/10/14 05:00:00,11.28,22.7
2020/10/14 05:30:00,18.21,36.22
2020/10/14 06:00:00,,
2020/10/14 06:30:00,21.5,48.8
2020/10/14 07:00:00,20.75,41.35
2020/10/14 07:30:00,17.12,45.63
2020/10/14 08:00:00,15.68,41.6
2020/10/14 08:30:00,18.28,43.24
2020/10/14 09:00:00,18.82,43.18
2020/10/14 09:30:00,16.91,41.65
2020/10/14 10:00:00,25.76,65.64
2020/10/14 10:30:00,21.42,44.7
2020/10/14 11:00:00,22.51,57.51
2020/10/14 11:30:00,17.1,38.58
2020/10/14 12:00:00,16.91,41.56
2020/10/14 12:30:00,14.08,37.81
2020/10/14 13:00:00,14.46,36.11
2020/10/14 13:30:00,16.94,38.25
2020/10/14 14:00:00,17.58,36.62
2020/10/14 14:30:00,16.98,35.73
2020/10/14 15:00:00,14.36,31.42
2020/10/14 15:30:00,12.85,27.65
2020/10/14 16:00:00,16.85,36.26
2020/10/14 16:30:00,16.28,36.74
2020/10/14 17:00:00,14.17,36.87
2020/10/14 17:30:00,12.32,24.65
2020/10/14 18:00:00,11.69,22.59
2020/10/14 18:30:00,9.47,19.43
2020/10/14 19:00:00,10.12,19.37
2020/10/14 19:30:00,6.98,15.3
2020/10/14 20:00:00,6.83,12.99
2020/10/14 20:30:00,11.25,20.2
2020/10/14 21:00:00,8.32,14.82
2020/10/14 21:30:00,5.2,10.81
2020/10/14 22:00:00,5.11,9.49
2020/10/14 22:30:00,5.14,10.23
2020/10/14 23:00:00,3.5,4.55
2020/10/14 23:30:00,2.26,4.49
2020/10/15 00:00:00,2.87,4.92
2020/10/15 00:30:00,2.2,2.7
2020/10/15 01:00:00,3.39,4.44
2020/10/15 01:30:00,2.68,3.46
2020/10/15 02:00:00,2.37,2.96
2020/10/15 02:30:00,2.37,3.16
2020/10/15 03:00:00,2.16,3.1
2020/10/15 03:30:00,2.73,3.71
2020/10/15 04:00:00,,
2020/10/15 04:30:00,5.34,9.83
2020/10/15 05:00:00,9.52,16.81
2020/10/15 05:30:00,18.19,38.8
2020/10/15 06:00:00,19.89,41.41
2020/10/15 06:30:00,25.3,51.64
2020/10/15 07:00:00,21.8,51.66
2020/10/15 07:30:00,27.41,53.88
2020/10/15 08:00:00,23.81,49.42
2020/10/15 08:30:00,31.31,70.34
2020/10/15 09:00:00,20.87,45.84
2020/10/15 09:30:00,23.89,52.48
2020/10/15 10:00:00,22.49,53.8
2020/10/15 10:30:00,20.48,51.68
2020/10/15 11:00:00,14.29,36.24
2020/10/15 11:30:00,25.21,68.33
2020/10/15 12:00:00,23.33,52.96
2020/10/15 12:30:00,28.4,58.69
2020/10/15 13:00:00,23.6,57.57
2020/10/15 13:30:00,28.06,63.57
2020/10/15 14:00:00,28.38,65.12
2020/10/15 14:30:00,19.2,49.59
2020/10/15 15:00:00,26.3,54.22
2020/10/15 15:30:00,22.84,54.31
2020/10/15 16:00:00,22.05,44.41
2020/10/15 16:30:00,22.7,45.12
2020/10/15 17:00:00,26.03,48.46
2020/10/15 17:30:00,28.69,59.69
2020/10/15 18:00:00,29.61,54.68
2020/10/15 18:30:00,30.83,48.5
2020/10/15 19:00:00,26.95,33.39
2020/10/15 19:30:00,23.91,29.95
2020/10/15 20:00:00,28.73,44.1
2020/10/15 20:30:00,22.72,39.32
2020/10/15 21:00:00,24.63,46.13
2020/10/15 21:30:00,15.11,25.59
2020/10/15 22:00:00,11.53,18.5
2020/10/15 22:30:00,8.93,14.71
2020/10/15 23:00:00,7.08,12.16
2020/10/15 23:30:00,7,10.69
2020/10/16 00:00:00,7.32,11.9
2020/10/16 00:30:00,7.65,10.75
2020/10/16 01:00:00,6.94,9.62
2020/10/16 01:30:00,6.25,7.8
2020/10/16 02:00:00,,
2020/10/16 02:30:00,8.43,9.51
2020/10/16 03:00:00,7.55,8.32
2020/10/16 03:30:00,7.9,9.93
2020/10/16 04:00:00,13.75,22.9
2020/10/16 04:30:00,11.4,15.13
2020/10/16 05:00:00,,
2020/10/16 05:30:00,30.41,50.22
2020/10/16 06:00:00,55.81,144.99
2020/10/16 06:30:00,63.86,161.95
2020/10/16 07:00:00,50.39,90.71
2020/10/16 07:30:00,56.65,131.79
2020/10/16 08:00:00,53.09,139.33
2020/10/16 08:30:00,49.5,130.3
2020/10/16 09:00:00,38.04,87.78
2020/10/16 09:30:00,31.31,89.14
2020/10/16 10:00:00,31.06,76.77
2020/10/16 10:30:00,21.75,46.53
2020/10/16 11:00:00,18.25,42.51
2020/10/16 11:30:00,21.11,46.82
2020/10/16 12:00:00,26.93,56
2020/10/16 12:30:00,22.11,64.13
2020/10/16 13:00:00,24.65,50.3
2020/10/16 13:30:00,32.78,73.63
2020/10/16 14:00:00,27.75,61.62
2020/10/16 14:30:00,31.98,64.8
2020/10/16 15:00:00,30.18,60.34
2020/10/16 15:30:00,30.12,64.57
2020/10/16 16:00:00,34.27,78.7
2020/10/16 16:30:00,31.56,62.62
2020/10/16 17:00:00,31.71,61.83
2020/10/16 17:30:00,21.02,45.88
2020/10/16 18:00:00,19.53,41.98
2020/10/16 18:30:00,19.7,40.5
2020/10/16 19:00:00,15.55,30.45
2020/10/16 19:30:00,20.58,38.38
2020/10/16 20:00:00,17.35,28.59
2020/10/16 20:30:00,14.23,24.71
2020/10/16 21:00:00,12.2,25.55
2020/10/16 21:30:00,11.38,22.53
2020/10/16 22:00:00,9.93,18.69
2020/10/16 22:30:00,8.85,15.41
2020/10/16 23:00:00,9.83,17.77
2020/10/16 23:30:00,9.93,17.56
2020/10/17 00:00:00,6.81,10.21
2020/10/17 00:30:00,6.6,10.63
2020/10/17 01:00:00,5.6,7.29
2020/10/17 01:30:00,5.53,8.93
2020/10/17 02:00:00,4.92,6.39
2020/10/17 02:30:00,3.71,5.53
2020/10/17 03:00:00,6.1,8.53
2020/10/17 03:30:00,4.78,9.62
2020/10/17 04:00:00,8.36,13.35
2020/10/17 04:30:00,6.14,7.67
2020/10/17 05:00:00,9.2,15.59
2020/10/17 05:30:00,16.56,25
2020/10/17 06:00:00,,
2020/10/17 06:30:00,29.47,50.38
2020/10/17 07:00:00,18.72,31.61
2020/10/17 07:30:00,29.17,53.91
2020/10/17 08:00:00,20.29,36.61
2020/10/17 08:30:00,29.38,59.78
2020/10/17 09:00:00,29.07,63.9
2020/10/17 09:30:00,21.23,40.39
2020/10/17 10:00:00,28.88,58.47
2020/10/17 10:30:00,18.7,38.1
2020/10/17 11:00:00,23.52,46.19
2020/10/17 11:30:00,30.45,66.2
2020/10/17 12:00:00,25.97,48.18
2020/10/17 12:30:00,18.86,33.58
2020/10/17 13:00:00,13.25,23.24
2020/10/17 13:30:00,7.71,12.79
2020/10/17 14:00:00,10.06,17.48
2020/10/17 14:30:00,3.96,6.41
2020/10/17 15:00:00,8.85,14.99
2020/10/17 15:30:00,8.95,12.2
2020/10/17 16:00:00,13.29,22.22
2020/10/17 16:30:00,14.25,22.62
2020/10/17 17:00:00,21.5,37.81
2020/10/17 17:30:00,31.02,52.56
2020/10/17 18:00:00,21.42,32.23
2020/10/17 18:30:00,18.21,24.23
2020/10/17 19:00:00,17.04,23.24
2020/10/17 19:30:00,15.45,22.24
2020/10/17 20:00:00,12.3,18.44
2020/10/17 20:30:00,8.74,11.38
2020/10/17 21:00:00,11.48,16.28
2020/10/17 21:30:00,10.52,12.79
2020/10/17 22:00:00,10.12,14.71
2020/10/17 22:30:00,8.22,10.96
2020/10/17 23:00:00,6.16,10.35
2020/10/17 23:30:00,4.63,6.9
2020/10/18 00:00:00,3.96,6.8
2020/10/18 00:30:00,2.24,3.67
2020/10/18 01:00:00,2.18,3.94
2020/10/18 01:30:00,2.05,3.46
2020/10/18 02:00:00,2.16,3.6
2020/10/18 02:30:00,3.77,5.26
2020/10/18 03:00:00,1.38,1.72
2020/10/18 03:30:00,0.94,1.2
2020/10/18 04:00:00,,
2020/10/18 04:30:00,3.46,4
2020/10/18 05:00:00,3.48,4.28
2020/10/18 05:30:00,2.89,3.42
2020/10/18 06:00:00,4.67,5.36
2020/10/18 06:30:00,5.22,6.23
2020/10/18 07:00:00,4.92,6.22
2020/10/18 07:30:00,5.89,9.12
2020/10/18 08:00:00,10.33,15.87
2020/10/18 08:30:00,12.22,21.27
2020/10/18 09:00:00,10.88,19.39
2020/10/18 09:30:00,9.31,15.78
2020/10/18 10:00:00,10.16,18.74
2020/10/18 10:30:00,5.91,10.84
2020/10/18 11:00:00,8.55,15.93
2020/10/18 11:30:00,9.85,18.69
2020/10/18 12:00:00,9.91,16.35
2020/10/18 12:30:00,9.2,14.96
2020/10/18 13:00:00,9.58,16.91
2020/10/18 13:30:00,5.09,7.13
2020/10/18 14:00:00,5.78,8.91
2020/10/18 14:30:00,5.87,9.28
2020/10/18 15:00:00,11.61,17.33
2020/10/18 15:30:00,11.67,19.28
2020/10/18 16:00:00,16.06,23.29
2020/10/18 16:30:00,19.28,31.36
2020/10/18 17:00:00,30.83,53.63
2020/10/18 17:30:00,47.2,91.49
2020/10/18 18:00:00,31.31,52.44
2020/10/18 18:30:00,51.12,84.86
2020/10/18 19:00:00,38.88,75.22
2020/10/18 19:30:00,26.32,33.68
2020/10/18 20:00:00,15.53,17.16
2020/10/18 20:30:00,15.99,21.38
2020/10/18 21:00:00,13.81,16.39
2020/10/18 21:30:00,10.1,11
2020/10/18 22:00:00,9.39,10.65
2020/10/18 22:30:00,11.65,13.56
2020/10/18 23:00:00,13.12,16.8
2020/10/18 23:30:00,12.83,15.99
2020/10/19 00:00:00,8.45,9.58
2020/10/19 00:30:00,9.77,10.58
2020/10/19 01:00:00,9.47,12.64
2020/10/19 01:30:00,10.52,12.5
2020/10/19 02:00:00,12.58,15.34
2020/10/19 02:30:00,11.07,15.55
2020/10/19 03:00:00,11.4,15.4
2020/10/19 03:30:00,11.59,16.8
2020/10/19 04:00:00,17.82,32.59
2020/10/19 04:30:00,28.73,64.78
2020/10/19 05:00:00,,
2020/10/19 05:30:00,50.59,117.12
2020/10/19 06:00:00,52.13,118.15
2020/10/19 06:30:00,63,159.94
2020/10/19 07:00:00,61.98,184.88
2020/10/19 07:30:00,64.09,173.9
2020/10/19 08:00:00,61.01,152.89
2020/10/19 08:30:00,51.89,114.98
2020/10/19 09:00:00,27.58,59.1
2020/10/19 09:30:00,21.86,41.79
2020/10/19 10:00:00,16.98,31.4
2020/10/19 10:30:00,9.51,16.96
2020/10/19 11:00:00,13.9,25.7
2020/10/19 11:30:00,7.84,13.79
2020/10/19 12:00:00,7.06,10.54
2020/10/19 12:30:00,9.64,17.77
2020/10/19 13:00:00,8.01,13.23
2020/10/19 13:30:00,10.17,17.6
2020/10/19 14:00:00,14.38,23.18
2020/10/19 14:30:00,11.74,19.66
2020/10/19 15:00:00,12.57,20.8
2020/10/19 15:30:00,15.72,23.12
2020/10/19 16:00:00,18.34,25.8
2020/10/19 16:30:00,21.86,28.65
2020/10/19 17:00:00,37.2,51.16
2020/10/19 17:30:00,58.83,106.79
2020/10/19 18:00:00,53.32,84.11
2020/10/19 18:30:00,58.56,86.1
2020/10/19 19:00:00,60.72,104.61
2020/10/19 19:30:00,62.06,134.87
2020/10/19 20:00:00,62.4,126.13
2020/10/19 20:30:00,65.81,147.51
2020/10/19 21:00:00,57.18,103.62
2020/10/19 21:30:00,62.12,112.51
2020/10/19 22:00:00,56.44,97.58
2020/10/19 22:30:00,38.35,58.2
2020/10/19 23:00:00,20.18,27.77
2020/10/19 23:30:00,10.6,15.28
2020/10/20 00:00:00,9.29,13.23
2020/10/20 00:30:00,6.45,8.78
2020/10/20 01:00:00,7.99,11.15
2020/10/20 01:30:00,10.19,13.12
2020/10/20 02:00:00,7.92,10.14
2020/10/20 02:30:00,11.97,19.26
2020/10/20 03:00:00,9.2,13.96
2020/10/20 03:30:00,7.94,13.27
2020/10/20 04:00:00,24.52,47.32
2020/10/20 04:30:00,27.04,49.99
2020/10/20 05:00:00,27.14,56.97
2020/10/20 05:30:00,42.27,113.9
2020/10/20 06:00:00,,
2020/10/20 06:30:00,48.92,122.4
2020/10/20 07:00:00,55.44,118.19
2020/10/20 07:30:00,38.59,95.32
2020/10/20 08:00:00,32.88,77.7
2020/10/20 08:30:00,32.59,73.13
2020/10/20 09:00:00,33.43,74.57
2020/10/20 09:30:00,44.29,101.38
2020/10/20 10:00:00,27.65,57.16
2020/10/20 10:30:00,30.68,66.73
2020/10/20 11:00:00,28.04,58.1
2020/10/20 11:30:00,26.2,61.85
2020/10/20 12:00:00,23.37,46.93
2020/10/20 12:30:00,18.28,39.99
2020/10/20 13:00:00,23.29,48.4
2020/10/20 13:30:00,22.7,51.2
2020/10/20 14:00:00,26.72,67.24
2020/10/20 14:30:00,29.01,58.12
2020/10/20 15:00:00,27.6,55.67
2020/10/20 15:30:00,24.21,46.51
2020/10/20 16:00:00,30.16,51.8
2020/10/20 16:30:00,21.9,36.24
2020/10/20 17:00:00,24.56,42.21
2020/10/20 17:30:00,19.28,36.61
2020/10/20 18:00:00,20.94,37.89
2020/10/20 18:30:00,19.91,33.62
2020/10/20 19:00:00,20.29,36.59
2020/10/20 19:30:00,22.57,40.77
2020/10/20 20:00:00,21.02,37.18
2020/10/20 20:30:00,22.11,38.14
2020/10/20 21:00:00,21.09,35.29
2020/10/20 21:30:00,20.77,31.94
2020/10/20 22:00:00,19.14,30.5
2020/10/20 22:30:00,14.15,19.62
2020/10/20 23:00:00,12.22,15.28
2020/10/20 23:30:00,10.94,13.25
2020/10/21 00:00:00,10.79,15.84
2020/10/21 00:30:00,11.36,13.1
2020/10/21 01:00:00,12.72,14.63
2020/10/21 01:30:00,11.26,13.25
2020/10/21 02:00:00,10.67,11.78
2020/10/21 02:30:00,11.55,16.39
2020/10/21 03:00:00,12.22,16.79
2020/10/21 03:30:00,12.93,17.21
2020/10/21 04:00:00,,
2020/10/21 04:30:00,24.81,51.92
2020/10/21 05:00:00,32.84,70.57
2020/10/21 05:30:00,46.78,135.31
2020/10/21 06:00:00,41.31,130.47
2020/10/21 06:30:00,50.62,166.98
2020/10/21 07:00:00,46.32,135.19
2020/10/21 07:30:00,43.24,139.82
2020/10/21 08:00:00,38.1,119.93
2020/10/21 08:30:00,36.38,122.59
2020/10/21 09:00:00,46.91,123.22
2020/10/21 09:30:00,43.95,115.76
2020/10/21 10:00:00,42.92,122.13
2020/10/21 10:30:00,41.27,113.58
2020/10/21 11:00:00,32.88,103.3
2020/10/21 11:30:00,40.91,110.47
2020/10/21 12:00:00,30.98,104.88
2020/10/21 12:30:00,38.56,101.94
2020/10/21 13:00:00,34.35,88.15
2020/10/21 13:30:00,32.7,81.51
2020/10/21 14:00:00,38.61,83.98
2020/10/21 14:30:00,34.27,88.57
2020/10/21 15:00:00,29.78,67.55
2020/10/21 15:30:00,26.83,54.3
2020/10/21 16:00:00,28.27,52.33
2020/10/21 16:30:00,30.37,52.38
2020/10/21 17:00:00,22.03,46.5
2020/10/21 17:30:00,21.36,37.68
2020/10/21 18:00:00,20.6,35.55
2020/10/21 18:30:00,19.28,30.58
2020/10/21 19:00:00,20.06,36.43
2020/10/21 19:30:00,19.01,35.92
2020/10/21 20:00:00,18.84,39.26
2020/10/21 20:30:00,17.52,28.96
2020/10/21 21:00:00,19.93,32.82
2020/10/21 21:30:00,20.25,29.85
2020/10/21 22:00:00,17.63,26.35
2020/10/21 22:30:00,12.78,18.17
2020/10/21 23:00:00,10.23,14.52
2020/10/21 23:30:00,10.42,13.54
2020/10/22 00:00:00,9.16,10.88
2020/10/22 00:30:00,8.63,11.95
2020/10/22 01:00:00,6.56,7.9
2020/10/22 01:30:00,4.97,5.97
2020/10/22 02:00:00,4.11,5.3
2020/10/22 02:30:00,2.81,3.71
2020/10/22 03:00:00,3.06,3.61
2020/10/22 03:30:00,3.31,4.34
2020/10/22 04:00:00,4.17,5.53
2020/10/22 04:30:00,7.23,9.64
2020/10/22 05:00:00,,
2020/10/22 05:30:00,10.4,16.56
2020/10/22 06:00:00,13.33,21.96
2020/10/22 06:30:00,13.08,21.71
2020/10/22 07:00:00,12.09,18.72
2020/10/22 07:30:00,15.61,26.97
2020/10/22 08:00:00,21.08,35.63
2020/10/22 08:30:00,26.45,45.1
2020/10/22 09:00:00,27.27,41.96
2020/10/22 09:30:00,24.52,42.21
2020/10/22 10:00:00,17.23,34.12
2020/10/22 10:30:00,13.69,34.27
2020/10/22 11:00:00,12.05,19.74
2020/10/22 11:30:00,14.78,30.18
2020/10/22 12:00:00,12.91,23.89
2020/10/22 12:30:00,11.4,19.49
2020/10/22 13:00:00,10.48,19.14
2020/10/22 13:30:00,15.85,29.72
2020/10/22 14:00:00,17.04,28.76
2020/10/22 14:30:00,20.9,33.35
2020/10/22 15:00:00,19.09,31.79
2020/10/22 15:30:00,21.48,35.99
2020/10/22 16:00:00,20.52,34.23
2020/10/22 16:30:00,17.16,27.64
2020/10/22 17:00:00,19.14,33.18
2020/10/22 17:30:00,21.92,36.41
2020/10/22 18:00:00,20.62,34.58
2020/10/22 18:30:00,18.51,28.6
2020/10/22 19:00:00,16.62,25.5
2020/10/22 19:30:00,15.84,25.8
2020/10/22 20:00:00,15.89,22.45
2020/10/22 20:30:00,12.28,16.28
2020/10/22 21:00:00,10.37,13.2
2020/10/22 21:30:00,8.26,10.23
2020/10/22 22:00:00,8.53,10.48
2020/10/22 22:30:00,7.71,8.22
2020/10/22 23:00:00,7.42,8.47
2020/10/22 23:30:00,7.69,8.66
2020/10/23 00:00:00,6.02,5.66
2020/10/23 00:30:00,4.84,5.14
2020/10/23 01:00:00,,
2020/10/23 01:30:00,3.23,3.14
2020/10/23 02:00:00,2.66,3.4
2020/10/23 02:30:00,2.47,2.83
2020/10/23 03:00:00,2.68,3.4
2020/10/23 03:30:00,4.92,7.8
2020/10/23 04:00:00,,
2020/10/23 04:30:00,11.21,17.94
2020/10/23 05:00:00,15.17,24.67
2020/10/23 05:30:00,16.18,28.23
2020/10/23 06:00:00,25.63,46.57
2020/10/23 06:30:00,25.93,49.27
2020/10/23 07:00:00,23.64,41.41
2020/10/23 07:30:00,28.71,56.76
2020/10/23 08:00:00,28.04,54.83
2020/10/23 08:30:00,25.78,51.1
2020/10/23 09:00:00,18.25,36.28
2020/10/23 09:30:00,21.19,37.96
2020/10/23 10:00:00,20.88,48.29
2020/10/23 10:30:00,29.01,61.33
2020/10/23 11:00:00,26.55,49.92
2020/10/23 11:30:00,22.43,43.1
2020/10/23 12:00:00,26.47,52.69
2020/10/23 12:30:00,28.55,55.58
2020/10/23 13:00:00,19.89,33.85
2020/10/23 13:30:00,19.74,36.7
2020/10/23 14:00:00,16.54,26.1
2020/10/23 14:30:00,17.94,27.18
2020/10/23 15:00:00,13.44,24.58
2020/10/23 15:30:00,15.11,23.1
2020/10/23 16:00:00,37.01,73.52
2020/10/23 16:30:00,32.88,54.7
2020/10/23 17:00:00,39.32,73.38
2020/10/23 17:30:00,38.94,81.72
2020/10/23 18:00:00,32.49,58.77
2020/10/23 18:30:00,27.08,38.5
2020/10/23 19:00:00,27.08,38.48
2020/10/23 19:30:00,37.24,66.61
2020/10/23 20:00:00,33.35,55.41
2020/10/23 20:30:00,33.76,60.19
2020/10/23 21:00:00,43.36,87.97
2020/10/23 21:30:00,29.72,58.66
2020/10/23 22:00:00,21.44,39.4
2020/10/23 22:30:00,23.03,41.16
2020/10/23 23:00:00,16.62,30.14
2020/10/23 23:30:00,19.76,33.18
2020/10/24 00:00:00,13.37,19.26
2020/10/24 00:30:00,11.02,14.99
2020/10/24 01:00:00,11.69,16.49
2020/10/24 01:30:00,9.03,13.33
2020/10/24 02:00:00,9.16,12.89
2020/10/24 02:30:00,9.05,12.3
2020/10/24 03:00:00,8.68,10.23
2020/10/24 03:30:00,9.6,13.25
2020/10/24 04:00:00,9.12,10.82
2020/10/24 04:30:00,8.7,10.25
2020/10/24 05:00:00,,
2020/10/24 05:30:00,14.96,22.24
2020/10/24 06:00:00,14.65,18.5
2020/10/24 06:30:00,13.75,19.13
2020/10/24 07:00:00,14.27,20.6
2020/10/24 07:30:00,19.85,35.8
2020/10/24 08:00:00,19.32,30.93
2020/10/24 08:30:00,24.21,42.99
2020/10/24 09:00:00,20.85,39.7
2020/10/24 09:30:00,22.32,43.43
2020/10/24 10:00:00,11.46,18.42
2020/10/24 10:30:00,11.78,20.56
2020/10/24 11:00:00,11.42,18.88
2020/10/24 11:30:00,15.17,27.39
2020/10/24 12:00:00,13.73,25.3
2020/10/24 12:30:00,11.21,20.88
2020/10/24 13:00:00,10.73,19.9
2020/10/24 13:30:00,14.19,23.5
2020/10/24 14:00:00,15.38,25.2
2020/10/24 14:30:00,13.73,23.62
2020/10/24 15:00:00,15.51,29.5
2020/10/24 15:30:00,27.77,47.64
2020/10/24 16:00:00,25.46,42.73
2020/10/24 16:30:00,38.21,65.14
2020/10/24 17:00:00,38.65,75.98
2020/10/24 17:30:00,45.12,86.33
2020/10/24 18:00:00,37.29,73.48
2020/10/24 18:30:00,33.45,63.65
2020/10/24 19:00:00,33.53,65.18
2020/10/24 19:30:00,30.31,52.88
2020/10/24 20:00:00,22.55,39.34
2020/10/24 20:30:00,22.28,44.35
2020/10/24 21:00:00,18.51,32.28
2020/10/24 21:30:00,17.98,29.66
2020/10/24 22:00:00,17.77,34
2020/10/24 22:30:00,15.76,25.88
2020/10/24 23:00:00,15.7,25.17
2020/10/24 23:30:00,11.65,18.67
2020/10/25 00:00:00,11.49,22.61
2020/10/25 00:30:00,9.89,14.46
2020/10/25 01:00:00,10.16,14.46
2020/10/25 01:30:00,7.31,10.35
2020/10/25 02:00:00,6.77,8.8
2020/10/25 02:30:00,8.24,10.58
2020/10/25 03:00:00,8.53,10.8
2020/10/25 03:30:00,7.88,9.77
2020/10/25 04:00:00,9.41,12.37
2020/10/25 04:30:00,8.82,10.88
2020/10/25 05:00:00,7.11,8.7
2020/10/25 05:30:00,7.02,7.98
2020/10/25 06:00:00,,
2020/10/25 06:30:00,4.44,8.49
2020/10/25 07:00:00,8.72,14.13
2020/10/25 07:30:00,9.94,13.39
2020/10/25 08:00:00,8.95,14.82
2020/10/25 08:30:00,10.56,20.37
2020/10/25 09:00:00,7.73,17.17
2020/10/25 09:30:00,11.26,23.66
2020/10/25 10:00:00,9.12,26.12
2020/10/25 10:30:00,10.19,23.96
2020/10/25 11:00:00,12.26,27.18
2020/10/25 11:30:00,12.01,32.47
2020/10/25 12:00:00,16.24,35.23
2020/10/25 12:30:00,15.47,34.27
2020/10/25 13:00:00,18.36,42.15
2020/10/25 13:30:00,22.41,44.66
2020/10/25 14:00:00,17.98,42
2020/10/25 14:30:00,19.07,42.78
2020/10/25 15:00:00,22.38,46.91
2020/10/25 15:30:00,21.4,46.88
2020/10/25 16:00:00,26.76,54.51
2020/10/25 16:30:00,25.32,54.79
2020/10/25 17:00:00,26.26,52.61
2020/10/25 17:30:00,20.54,47.2
2020/10/25 18:00:00,27.08,50.55
2020/10/25 18:30:00,14.11,20.83
2020/10/25 19:00:00,27.06,48.8
2020/10/25 19:30:00,27.06,52.75
2020/10/25 20:00:00,35.5,66.38
2020/10/25 20:30:00,34.06,65.6
2020/10/25 21:00:00,27.48,55.98
2020/10/25 21:30:00,15.72,30.16
2020/10/25 22:00:00,18.65,34.86
2020/10/25 22:30:00,13.75,23.8
2020/10/25 23:00:00,9.33,15.57
2020/10/25 23:30:00,6.29,9.47
2020/10/26 00:00:00,6.66,8.36
2020/10/26 00:30:00,5.49,7.5
2020/10/26 01:00:00,6.14,9.73
2020/10/26 01:30:00,4.32,4.46
2020/10/26 02:00:00,7.73,12.24
2020/10/26 02:30:00,6.31,7.94
2020/10/26 03:00:00,5.76,8.4
2020/10/26 03:30:00,7.55,8.76
2020/10/26 04:00:00,,
2020/10/26 04:30:00,12.03,17.16
2020/10/26 05:00:00,14.36,25.36
2020/10/26 05:30:00,19.41,39.4
2020/10/26 06:00:00,32.51,70.57
2020/10/26 06:30:00,48.39,104.86
2020/10/26 07:00:00,45.94,112.19
2020/10/26 07:30:00,49.57,132.84
2020/10/26 08:00:00,47.83,128.16
2020/10/26 08:30:00,50.78,122.7
2020/10/26 09:00:00,34.33,105.24
2020/10/26 09:30:00,48.12,102.38
2020/10/26 10:00:00,53.72,127.41
2020/10/26 10:30:00,45.59,130.11
2020/10/26 11:00:00,47.39,131.58
2020/10/26 11:30:00,53.55,158.57
2020/10/26 12:00:00,52.57,127.64
2020/10/26 12:30:00,46.13,119.53
2020/10/26 13:00:00,44.68,101.6
2020/10/26 13:30:00,44.77,111.67
2020/10/26 14:00:00,50.68,131.35
2020/10/26 14:30:00,47.05,141.31
2020/10/26 15:00:00,45,113.39
2020/10/26 15:30:00,43.11,90.73
2020/10/26 16:00:00,37.03,90.38
2020/10/26 16:30:00,38.9,86.14
2020/10/26 17:00:00,33.99,84.15
2020/10/26 17:30:00,31.88,78.18
2020/10/26 18:00:00,26.66,49.92
2020/10/26 18:30:00,30.64,62.71
2020/10/26 19:00:00,29.49,57.11
2020/10/26 19:30:00,28.19,52.2
2020/10/26 20:00:00,23.24,45.19
2020/10/26 20:30:00,18.91,43.55
2020/10/26 21:00:00,21.13,43.53
2020/10/26 21:30:00,14.63,25.5
2020/10/26 22:00:00,17.82,31.56
2020/10/26 22:30:00,16.05,25.44
2020/10/26 23:00:00,13.2,19.53
2020/10/26 23:30:00,10.06,14.6
2020/10/27 00:00:00,10.33,12.68
2020/10/27 00:30:00,9.68,11.55
2020/10/27 01:00:00,12.87,16.79
2020/10/27 01:30:00,9.43,11.4
2020/10/27 02:00:00,9.68,11.26
2020/10/27 02:30:00,11.65,15.87
2020/10/27 03:00:00,10.16,12.74
2020/10/27 03:30:00,8.87,11.2
2020/10/27 04:00:00,11.59,15.3
2020/10/27 04:30:00,11.76,20.23
2020/10/27 05:00:00,,
2020/10/27 05:30:00,24.81,54.24
2020/10/27 06:00:00,27.88,52.96
2020/10/27 06:30:00,35.82,88.13
2020/10/27 07:00:00,52.94,121.88
2020/10/27 07:30:00,50.89,111.19
2020/10/27 08:00:00,44.62,99.81
2020/10/27 08:30:00,35.53,96.52
2020/10/27 09:00:00,28.53,79.41
2020/10/27 09:30:00,37.39,83.33
2020/10/27 10:00:00,40.16,101.65
2020/10/27 10:30:00,27.08,86.75
2020/10/27 11:00:00,27.81,69.44
2020/10/27 11:30:00,33.37,93.2
2020/10/27 12:00:00,42.84,99.16
2020/10/27 12:30:00,29.38,77.4
2020/10/27 13:00:00,34.52,85.47
2020/10/27 13:30:00,39.28,77.38
2020/10/27 14:00:00,32.78,67.74
2020/10/27 14:30:00,32.49,69.92
2020/10/27 15:00:00,35.11,71.95
2020/10/27 15:30:00,38.14,77.61
2020/10/27 16:00:00,28.02,66.65
2020/10/27 16:30:00,35.57,76.14
2020/10/27 17:00:00,35.19,75.1
2020/10/27 17:30:00,35.09,66.8
2020/10/27 18:00:00,32.63,66.36
2020/10/27 18:30:00,29.84,55.41
2020/10/27 19:00:00,22.07,44.83
2020/10/27 19:30:00,19.05,38.38
2020/10/27 20:00:00,17.84,35.11
2020/10/27 20:30:00,14.8,28.55
2020/10/27 21:00:00,16.62,27.92
2020/10/27 21:30:00,17.33,30.79
2020/10/27 22:00:00,14.94,26.24
2020/10/27 22:30:00,12.14,18.76
2020/10/27 23:00:00,11.04,16.94
2020/10/27 23:30:00,10,12.35
2020/10/28 00:00:00,7.71,10.35
2020/10/28 00:30:00,7.57,11.13
2020/10/28 01:00:00,7.69,7.94
2020/10/28 01:30:00,7.5,7.99
2020/10/28 02:00:00,7.25,7.88
2020/10/28 02:30:00,6.25,6.8
2020/10/28 03:00:00,6.08,7.11
2020/10/28 03:30:00,7.42,8.26
2020/10/28 04:00:00,6.9,7.94
2020/10/28 04:30:00,6.9,9.64
2020/10/28 05:00:00,8.01,11.95
2020/10/28 05:30:00,9.73,20.54
2020/10/28 06:00:00,,
2020/10/28 06:30:00,26.03,57.89
2020/10/28 07:00:00,33.03,85.51
2020/10/28 07:30:00,37.49,88.82
2020/10/28 08:00:00,40.53,95.15
2020/10/28 08:30:00,41.06,98.88
2020/10/28 09:00:00,25.02,57.45
2020/10/28 09:30:00,30.77,61.87
2020/10/28 10:00:00,25.93,54.16
2020/10/28 10:30:00,21.23,44.1
2020/10/28 11:00:00,13.71,30.91
2020/10/28 11:30:00,18.55,38.67
2020/10/28 12:00:00,25.25,48
2020/10/28 12:30:00,25.61,54.18
2020/10/28 13:00:00,25.42,53.88
2020/10/28 13:30:00,24.92,60.22
2020/10/28 14:00:00,27.37,59.21
2020/10/28 14:30:00,30.31,66.57
2020/10/28 15:00:00,36.49,69.1
2020/10/28 15:30:00,28.94,63.53
2020/10/28 16:00:00,38.06,79.96
2020/10/28 16:30:00,43.57,91.36
2020/10/28 17:00:00,43.68,94.84
2020/10/28 17:30:00,36.38,77.63
2020/10/28 18:00:00,34.02,71.83
2020/10/28 18:30:00,23.35,53.95
2020/10/28 19:00:00,25.51,51.75
2020/10/28 19:30:00,24.14,48.65
2020/10/28 20:00:00,24.73,51.27
2020/10/28 20:30:00,24.14,42.27
2020/10/28 21:00:00,18.34,32.34
2020/10/28 21:30:00,20.6,43.3
2020/10/28 22:00:00,17.98,33.24
2020/10/28 22:30:00,15.74,26.47
2020/10/28 23:00:00,14.84,24.27
2020/10/28 23:30:00,12.05,17.79
2020/10/29 00:00:00,8.38,10.6
2020/10/29 00:30:00,10.27,13.66
2020/10/29 01:00:00,6.94,9.35
2020/10/29 01:30:00,5.18,6.1
2020/10/29 02:00:00,5.87,8.11
2020/10/29 02:30:00,7.27,9.3
2020/10/29 03:00:00,6.66,7.88
2020/10/29 03:30:00,10.67,18.5
2020/10/29 04:00:00,,
2020/10/29 04:30:00,9.66,12.72
2020/10/29 05:00:00,13.27,20.43
2020/10/29 05:30:00,15.53,32.99
2020/10/29 06:00:00,18.47,33.77
2020/10/29 06:30:00,39.01,102.59
2020/10/29 07:00:00,53.38,140.82
2020/10/29 07:30:00,49.15,121.56
2020/10/29 08:00:00,49.76,162.96
2020/10/29 08:30:00,44.79,114.58
2020/10/29 09:00:00,66.88,192.63
2020/10/29 09:30:00,63.74,155.89
2020/10/29 10:00:00,33.26,61.26
2020/10/29 10:30:00,35,62.46
2020/10/29 11:00:00,38.8,78.89
2020/10/29 11:30:00,31.08,58.87
2020/10/29 12:00:00,22.11,33.5
2020/10/29 12:30:00,23.62,37.37
2020/10/29 13:00:00,17.77,27.48
2020/10/29 13:30:00,16.35,23.1
2020/10/29 14:00:00,20.62,32.21
2020/10/29 14:30:00,23.91,36.59
2020/10/29 15:00:00,17.63,24.4
2020/10/29 15:30:00,17.04,24.14
2020/10/29 16:00:00,14.63,18.5
2020/10/29 16:30:00,19.55,25.3
2020/10/29 17:00:00,23.87,36.55
2020/10/29 17:30:00,37.33,53.7
2020/10/29 18:00:00,33.03,46.42
2020/10/29 18:30:00,41.67,61.37
2020/10/29 19:00:00,40.77,73.59
2020/10/29 19:30:00,39.42,66.75
2020/10/29 20:00:00,33.53,48.44
2020/10/29 20:30:00,34.81,55.94
2020/10/29 21:00:00,40.24,65.29
2020/10/29 21:30:00,41.39,80.54
2020/10/29 22:00:00,36.45,66.54
2020/10/29 22:30:00,27.06,41.25
2020/10/29 23:00:00,21.19,29.78
2020/10/29 23:30:00,17.27,25.55
2020/10/30 00:00:00,15.32,22.41
2020/10/30 00:30:00,14,18.55
2020/10/30 01:00:00,12.93,16.47
2020/10/30 01:30:00,14.15,20.85
2020/10/30 02:00:00,,
2020/10/30 02:30:00,10,13.73
2020/10/30 03:00:00,16.24,32.76
2020/10/30 03:30:00,22.17,37.37
2020/10/30 04:00:00,9.33,12.47
2020/10/30 04:30:00,15.4,26.58
2020/10/30 05:00:00,,
2020/10/30 05:30:00,47.33,105.97
2020/10/30 06:00:00,55.29,152.39
2020/10/30 06:30:00,52.42,160.2
2020/10/30 07:00:00,65.52,215.96
2020/10/30 07:30:00,56.92,186.62
2020/10/30 08:00:00,60.21,164.7
2020/10/30 08:30:00,71.01,209.59
2020/10/30 09:00:00,44.77,104.59
2020/10/30 09:30:00,40.11,90
2020/10/30 10:00:00,42.67,100.94
2020/10/30 10:30:00,53.57,125.67
2020/10/30 11:00:00,38.96,84.72
2020/10/30 11:30:00,38.38,85.93
2020/10/30 12:00:00,40.49,82.22
2020/10/30 12:30:00,41.73,88.32
2020/10/30 13:00:00,35.25,82.26
2020/10/30 13:30:00,42.21,95.7
2020/10/30 14:00:00,35.99,86.79
2020/10/30 14:30:00,31.21,69.31
2020/10/30 15:00:00,40.09,78.58
2020/10/30 15:30:00,35.13,76.83
2020/10/30 16:00:00,38.84,79.6
2020/10/30 16:30:00,36.85,75.28
2020/10/30 17:00:00,32.42,70.74
2020/10/30 17:30:00,28.23,53.4
2020/10/30 18:00:00,26.58,60.74
2020/10/30 18:30:00,32.9,61.64
2020/10/30 19:00:00,28.15,54.75
2020/10/30 19:30:00,24.33,41.46
2020/10/30 20:00:00,15.28,28.46
2020/10/30 20:30:00,14.71,29.99
2020/10/30 21:00:00,18.05,27.2
2020/10/30 21:30:00,17.19,28.9
2020/10/30 22:00:00,15.87,29.47
2020/10/30 22:30:00,12.14,21.32
2020/10/30 23:00:00,16.03,27.43
2020/10/30 23:30:00,13.35,24.61
2020/10/31 00:00:00,15.47,25.17
2020/10/31 00:30:00,18,27.21
2020/10/31 01:00:00,23.56,28.67
2020/10/31 01:30:00,26.09,39.63
2020/10/31 02:00:00,22.24,32.78
2020/10/31 02:30:00,17.61,26.64
2020/10/31 03:00:00,14.44,22.87
2020/10/31 03:30:00,13.79,23.75
2020/10/31 04:00:00,12.3,19.1
2020/10/31 04:30:00,13.71,21.8
2020/10/31 05:00:00,17.27,27.62
2020/10/31 05:30:00,12.34,19.99
2020/10/31 06:00:00,,
2020/10/31 06:30:00,22.22,51.8
2020/10/31 07:00:00,19.51,43.64
2020/10/31 07:30:00,28.19,64.7
2020/10/31 08:00:00,26.83,83.56
2020/10/31 08:30:00,30.6,83.23
2020/10/31 09:00:00,29.47,63.3
2020/10/31 09:30:00,53.42,132.86
2020/10/31 10:00:00,45.5,110.14
2020/10/31 10:30:00,37.5,101.48
2020/10/31 11:00:00,41.39,98.42
2020/10/31 11:30:00,38.8,94.29
2020/10/31 12:00:00,34.83,85.9
2020/10/31 12:30:00,30.66,66.23
2020/10/31 13:00:00,33.43,77.69
2020/10/31 13:30:00,32.26,70.25
2020/10/31 14:00:00,27.12,62.77
2020/10/31 14:30:00,23.91,60.55
2020/10/31 15:00:00,28.38,72.4
2020/10/31 15:30:00,28.52,70.46
2020/10/31 16:00:00,30.71,70.48
2020/10/31 16:30:00,23.26,66.6
2020/10/31 17:00:00,35.9,82.72
2020/10/31 17:30:00,34.81,83.65
2020/10/31 18:00:00,33.37,73.19
2020/10/31 18:30:00,28.19,61.54
2020/10/31 19:00:00,23.05,43.24
2020/10/31 19:30:00,21.57,40.1
2020/10/31 20:00:00,19.81,39.11
2020/10/31 20:30:00,18.19,32.8
2020/10/31 21:00:00,16.75,29.32
2020/10/31 21:30:00,16.29,28.71
2020/10/31 22:00:00,14.57,24.54
2020/10/31 22:30:00,13.81,24.1
2020/10/31 23:00:00,14.23,18.3
2020/10/31 23:30:00,7.65,12.79
