DateTime,NO2(myg/m3),NOx(myg/m3),O3(myg/m3),CO(mg/m3),SO2(myg/m3),PM10(myg/m3),PM2.5(myg/m3)
2020/10/1 00:00:00,9.12,11.74,67.99,0.14,0.59,10.7,6.8
2020/10/1 00:30:00,13.62,16.98,65.4,0.15,0.35,9.9,6.4
2020/10/1 01:00:00,6.9,8.84,71.07,0.14,0.29,14.7,7.5
2020/10/1 01:30:00,7.11,9.33,70.35,0.14,0.19,14,8.2
2020/10/1 02:00:00,5.45,6.77,70.23,0.13,0.59,10.2,5.9
2020/10/1 02:30:00,8.47,11.7,64.42,0.14,0.45,10.8,6.3
2020/10/1 03:00:00,7.73,13.37,,0.13,0.48,11.6,5.9
2020/10/1 03:30:00,7.27,10.23,63.18,0.16,0.43,13,6
2020/10/1 04:00:00,7.65,11.17,63.08,0.15,0.45,12.3,6.9
2020/10/1 04:30:00,24.88,41.5,54.62,0.17,0.48,21.2,6.7
2020/10/1 05:00:00,35.34,70.78,43.75,0.21,0.67,22.4,7.5
2020/10/1 05:30:00,58.16,122.02,31.87,0.29,0.82,24.5,7.8
2020/10/1 06:00:00,,,,,,26.8,8.3
2020/10/1 06:30:00,54.22,117.39,29.68,0.29,0.32,24.4,8.5
2020/10/1 07:00:00,52.69,121.16,29.6,0.26,0.59,24.6,7.9
2020/10/1 07:30:00,53.61,111.35,34.59,0.26,0.45,25.4,7.7
2020/10/1 08:00:00,61.98,132.92,27.1,0.28,0.8,26.7,9.2
2020/10/1 08:30:00,54.33,113.12,32.17,0.25,0.64,22.6,7.7
2020/10/1 09:00:00,44.81,103.49,34.63,0.23,0.4,26.2,9
2020/10/1 09:30:00,48.77,136.88,28.56,0.25,0.61,29.1,9.5
2020/10/1 10:00:00,47.03,116.91,28.68,0.28,0.75,25.6,7.1
2020/10/1 10:30:00,64.55,170.9,27.92,0.26,0.88,29.3,9
2020/10/1 11:00:00,47.56,113.51,25.43,0.25,0.53,28.5,9.1
2020/10/1 11:30:00,46.61,130.7,21.99,0.3,0.8,45,11.8
2020/10/1 12:00:00,46.84,112.84,22.85,0.31,0.77,54.7,12.7
2020/10/1 12:30:00,48.33,119.07,20.36,0.31,0.61,57.7,12.5
2020/10/1 13:00:00,37.98,108.23,21.43,0.34,0.37,53.9,13
2020/10/1 13:30:00,34.31,96.96,25.45,0.33,0.37,56.7,15
2020/10/1 14:00:00,39.65,99.01,24.83,0.4,0.69,50.8,13.8
2020/10/1 14:30:00,34.52,83.63,27.66,0.29,0.75,57.1,14.9
2020/10/1 15:00:00,28.92,63.63,34.11,0.36,0.69,62.8,15.4
2020/10/1 15:30:00,29.41,67.51,33.93,0.29,0.77,60,16.1
2020/10/1 16:00:00,30.54,65.2,34.81,0.33,0.75,56.3,17.8
2020/10/1 16:30:00,32.8,74.11,34.84,0.34,0.53,54.1,18.1
2020/10/1 17:00:00,24.61,53.32,39.73,0.29,0.37,53.3,18.8
2020/10/1 17:30:00,27.06,57.18,39.02,0.24,0.24,57,15.5
2020/10/1 18:00:00,28.06,57.68,39.69,0.29,0.35,63.1,15.6
2020/10/1 18:30:00,23.98,46.65,42.11,0.25,0.48,83.7,17.6
2020/10/1 19:00:00,20.06,39.65,43.99,0.24,0.19,106.5,19.8
2020/10/1 19:30:00,20.33,39.21,42.91,0.22,0,99.3,20.6
2020/10/1 20:00:00,18.4,33.76,43.93,0.24,0,77.9,18.4
2020/10/1 20:30:00,26.53,52.04,41.85,0.21,0.29,63.9,16.8
2020/10/1 21:00:00,25.95,45,43.03,0.28,0.48,60.2,17.2
2020/10/1 21:30:00,18.88,31.33,44.46,0.22,0.37,55.5,17.1
2020/10/1 22:00:00,17.1,24.59,44.56,0.21,0.51,52.2,16.1
2020/10/1 22:30:00,13.77,19.83,47.84,0.17,0.43,49.8,16.3
2020/10/1 23:00:00,12.01,18.26,47.34,0.19,0.43,43.8,13.9
2020/10/1 23:30:00,8.91,13.6,49.23,0.17,0.67,44.4,12.8
2020/10/2 00:00:00,5.74,9.54,49.59,0.17,0.61,48.3,14.7
2020/10/2 00:30:00,4.9,6.52,50.85,0.19,0.85,60,15.6
2020/10/2 01:00:00,9.08,14.44,,0.17,0.67,67.7,17.3
2020/10/2 01:30:00,6.35,9.6,47.9,0.18,0.45,68.7,17.7
2020/10/2 02:00:00,5.09,7.06,47.3,0.18,0.56,67.2,18
2020/10/2 02:30:00,7.4,10.88,44.34,0.18,0.61,67,18.1
2020/10/2 03:00:00,15.22,31.67,39.32,0.21,0.8,70.7,19.1
2020/10/2 03:30:00,14.11,20.98,40.09,0.21,0.8,83.3,23.4
2020/10/2 04:00:00,,,,,,83.5,21.4
2020/10/2 04:30:00,21.48,42.61,33.57,0.23,0,103.6,25.2
2020/10/2 05:00:00,25.74,60.7,29.74,0.24,0,104.8,26.6
2020/10/2 05:30:00,41.86,96.54,22.05,0.31,0,127.4,30.2
2020/10/2 06:00:00,37.47,94.94,20.8,0.39,0,159,35.8
2020/10/2 06:30:00,45.8,113.11,17.22,0.42,0,191.1,40.1
2020/10/2 07:00:00,40.72,105.17,19.22,0.32,0,203.9,42.9
2020/10/2 07:30:00,50.76,129.86,18.86,0.32,0,222.2,46.4
2020/10/2 08:00:00,34.71,80.94,23.79,0.29,0,236.3,50
2020/10/2 08:30:00,36.68,93.6,22.41,0.31,0,193.2,44.3
2020/10/2 09:00:00,34.14,87.57,24.75,0.31,0.11,95.6,24
2020/10/2 09:30:00,40.47,94.13,30.25,0.26,0.4,43.4,9.8
2020/10/2 10:00:00,38.77,91.4,33.09,0.29,0.19,40.9,11.4
2020/10/2 10:30:00,30.45,72.75,35.52,0.28,0,43.6,11
2020/10/2 11:00:00,38.8,86.69,35.36,0.29,0,38.4,11.3
2020/10/2 11:30:00,32.57,74.05,37.42,0.31,0.35,37.4,10.2
2020/10/2 12:00:00,42.38,93.06,35.56,0.3,0.05,35.8,8.9
2020/10/2 12:30:00,29.68,68.49,38.72,0.26,0.37,30.7,9
2020/10/2 13:00:00,31.25,74.74,35.56,0.28,0.16,34,12.8
2020/10/2 13:30:00,37.58,83.33,35.76,0.36,0.11,30.3,11.8
2020/10/2 14:00:00,33.51,70.99,37.22,0.33,0,24.3,9.4
2020/10/2 14:30:00,35.55,75.12,31.89,0.37,0,34,14.8
2020/10/2 15:00:00,43.32,103.12,29.94,0.37,0,27.1,9.6
2020/10/2 15:30:00,25.25,75.98,35.3,0.32,0,41.2,13.7
2020/10/2 16:00:00,33.28,75.16,37.02,0.32,0,50.8,19.1
2020/10/2 16:30:00,27.29,63.27,40.79,0.3,0,48.2,16.9
2020/10/2 17:00:00,24.15,49.94,45.46,0.32,0,46.1,17.4
2020/10/2 17:30:00,24.33,44.91,52.01,0.3,0,47.1,16.5
2020/10/2 18:00:00,23.24,41.54,54.8,0.28,0,57.7,20.5
2020/10/2 18:30:00,21.55,41.33,55.9,0.28,0.03,63.3,22.8
2020/10/2 19:00:00,22.93,45.27,53.62,0.29,0,67.1,23.7
2020/10/2 19:30:00,23.35,41.86,55.24,0.26,0.03,69.8,25.2
2020/10/2 20:00:00,17,30.87,57.5,0.29,0.05,70.4,25.7
2020/10/2 20:30:00,21.29,40.62,54.26,0.53,0,69.3,24.8
2020/10/2 21:00:00,26.47,50.62,49.63,0.34,0,72.9,26.7
2020/10/2 21:30:00,18.86,33.33,54.16,0.25,0.11,72,26.4
2020/10/2 22:00:00,11.55,21.59,57,0.26,0.08,74,27.4
2020/10/2 22:30:00,12.55,22.24,55.98,0.25,0.11,77.1,28.9
2020/10/2 23:00:00,9.51,15.13,58.19,0.25,0,70.1,26.8
2020/10/2 23:30:00,9.81,15.59,55.86,0.22,0,59.4,24
2020/10/3 00:00:00,8.68,14.67,54.96,0.22,0,50.6,20.8
2020/10/3 00:30:00,8.2,13.2,55.4,0.22,0,48.8,20.9
2020/10/3 01:00:00,12.07,15.47,53.27,0.23,0,47.9,20.9
2020/10/3 01:30:00,7.17,10.21,52.71,0.22,0,44.6,19.5
2020/10/3 02:00:00,6.83,10.6,,0.21,0,37.1,17.8
2020/10/3 02:30:00,5.09,7.17,49.19,0.22,0,37.5,18.6
2020/10/3 03:00:00,5.95,9.2,46.92,0.22,0,29.6,15.2
2020/10/3 03:30:00,4.74,8.11,45.52,0.21,0,30.8,15.2
2020/10/3 04:00:00,7.52,12.13,43.23,0.22,0,25.2,13.4
2020/10/3 04:30:00,5.91,16.06,41.43,0.21,0,24.1,12.7
2020/10/3 05:00:00,,,,,,16.8,8.7
2020/10/3 05:30:00,,,,,,,
2020/10/3 06:00:00,,,,,,,
2020/10/3 06:30:00,,,,,,,
2020/10/3 07:00:00,,,,,,,
2020/10/3 07:30:00,,,,,,,
2020/10/3 08:00:00,,,,,,,
2020/10/3 08:30:00,,,,,,,
2020/10/3 09:00:00,,,,,,,
2020/10/3 09:30:00,,,,,,,
2020/10/3 10:00:00,22.01,51.04,46.9,0.28,1.3,,
2020/10/3 10:30:00,18.3,41.86,50.69,0.26,0.96,,
2020/10/3 11:00:00,21.29,48.62,50.29,0.29,1.04,,
2020/10/3 11:30:00,18.82,41.83,51.83,0.29,1.36,,
2020/10/3 12:00:00,22.22,52.65,50.77,0.29,1.3,,
2020/10/3 12:30:00,19.78,45.88,52.41,0.31,0.98,,
2020/10/3 13:00:00,22.84,49.99,48.91,0.28,1.3,,
2020/10/3 13:30:00,19.39,45.36,51.21,0.31,1.36,,
2020/10/3 14:00:00,23.73,47.79,50.83,0.29,0.9,,
2020/10/3 14:30:00,23.35,48.41,49.37,0.36,1.06,,
2020/10/3 15:00:00,19.35,38.52,52.61,0.29,0.96,,
2020/10/3 15:30:00,21.02,41.75,52.71,0.31,1.06,,
2020/10/3 16:00:00,22.99,45.46,51.79,0.3,0.9,,
2020/10/3 16:30:00,19.89,41.75,52.05,0.31,0.9,,
2020/10/3 17:00:00,20.04,41.27,55.06,0.29,0.93,,
2020/10/3 17:30:00,13.04,29.18,59.79,0.31,0.98,,
2020/10/3 18:00:00,12.78,30.12,61.47,0.26,0.77,,
2020/10/3 18:30:00,18.72,40.05,55.56,0.31,0.96,,
2020/10/3 19:00:00,19.49,37.26,56.4,0.25,1.14,,
2020/10/3 19:30:00,19.16,37.1,51.47,0.31,1.14,,
2020/10/3 20:00:00,16.58,35.04,50.21,0.31,0.93,,
2020/10/3 20:30:00,16.56,34,48.08,0.33,1.04,,
2020/10/3 21:00:00,20.66,44.31,45.16,0.37,1.12,,
2020/10/3 21:30:00,21.34,41.54,44.05,0.33,1.12,,
2020/10/3 22:00:00,15.15,30.22,48.3,0.29,1.41,,
2020/10/3 22:30:00,16.5,29.99,47.58,0.28,1.14,,
2020/10/3 23:00:00,11.53,20.14,47.1,0.31,1.33,,
2020/10/3 23:30:00,11.74,19.09,51.37,0.25,1.2,,
2020/10/4 00:00:00,8.85,14.42,48.99,0.25,1.28,,
2020/10/4 00:30:00,13.04,18.78,49.67,0.29,1.14,,
2020/10/4 01:00:00,10.79,15.4,,0.24,1.52,,
2020/10/4 01:30:00,8.43,12.26,48.2,0.24,1.3,,
2020/10/4 02:00:00,12.22,16.58,46.8,0.25,1.28,,
2020/10/4 02:30:00,9.14,11.07,47.1,0.24,1.22,,
2020/10/4 03:00:00,13.27,16.08,44.76,0.23,1.06,,
2020/10/4 03:30:00,10.71,12.66,42.87,0.23,1.14,,
2020/10/4 04:00:00,,,,,,,
2020/10/4 04:30:00,12.14,15.17,43.33,0.22,0.45,,
2020/10/4 05:00:00,12.34,17.33,41.25,0.24,0.67,,
2020/10/4 05:30:00,16.75,31.96,33.57,0.23,0.59,,
2020/10/4 06:00:00,16.77,25.32,35.72,0.36,0.37,,
2020/10/4 06:30:00,14.88,23.58,35.72,0.28,0.4,,
2020/10/4 07:00:00,15.13,23.79,35.9,0.28,0.24,,
2020/10/4 07:30:00,17.44,25.26,33.57,0.26,0.77,,
2020/10/4 08:00:00,19.51,33.47,30.65,0.26,0.27,,
2020/10/4 08:30:00,30.45,64.59,20.91,0.41,0.4,,
2020/10/4 09:00:00,20.27,36.95,24.61,0.26,0.43,,
2020/10/4 09:30:00,19.09,42.9,29.34,0.24,0.45,,
2020/10/4 10:00:00,27.79,61.54,25.88,0.24,0.82,,
2020/10/4 10:30:00,28.44,58.25,28.3,0.28,0.37,,
2020/10/4 11:00:00,29.72,58.92,30.33,0.24,0.29,,
2020/10/4 11:30:00,24.02,51.08,34.84,0.24,0.4,,
2020/10/4 12:00:00,33.09,81.63,30.93,0.36,0.61,,
2020/10/4 12:30:00,27.94,61.35,32.77,0.28,0.53,,
2020/10/4 13:00:00,30.37,55.08,42.91,0.26,0.03,,
2020/10/4 13:30:00,23.73,46.36,42.75,0.24,0.21,,
2020/10/4 14:00:00,18.42,38.27,45.72,0.24,0.08,,
2020/10/4 14:30:00,39.67,86.79,32.61,0.31,0.4,,
2020/10/4 15:00:00,36.89,75.47,36.08,0.38,0.21,,
2020/10/4 15:30:00,22.97,39.51,45.1,0.23,0,,
2020/10/4 16:00:00,22.74,35.21,43.69,0.23,0,,
2020/10/4 16:30:00,29.51,49.48,43.17,0.24,0.61,,
2020/10/4 17:00:00,24.84,42.48,43.49,0.21,0,,
2020/10/4 17:30:00,22.64,33.32,51.11,0.23,0.11,,
2020/10/4 18:00:00,30.89,45.77,48,0.21,0.24,,
2020/10/4 18:30:00,28.63,57.78,43.17,0.26,0.13,10.5,
2020/10/4 19:00:00,19.74,27.52,51.37,0.22,0.08,11.5,6.2
2020/10/4 19:30:00,25.51,40.58,44.7,0.23,0,10.3,5
2020/10/4 20:00:00,16.33,22.57,51.95,0.22,0,8.2,3.9
2020/10/4 20:30:00,12.55,15.91,55,0.17,0,21.3,5.2
2020/10/4 21:00:00,26.79,39.63,44.66,0.22,0,14.4,6.6
2020/10/4 21:30:00,24.77,33.58,43.81,0.23,0,16.5,7.8
2020/10/4 22:00:00,21.88,25.7,43.83,0.16,0,7.5,3.9
2020/10/4 22:30:00,21.84,26.89,46.22,0.15,0,8,3.2
2020/10/4 23:00:00,13.02,15.84,49.41,0.16,0,7,4.3
2020/10/4 23:30:00,7.32,8.84,54.34,0.16,0,6,2.9
2020/10/5 00:00:00,13.25,22.17,48.12,0.17,0,7.5,4.6
2020/10/5 00:30:00,9.98,11.84,48.42,0.14,0,15.4,6.3
2020/10/5 01:00:00,9.49,11.59,,0.14,0,7.1,4.7
2020/10/5 01:30:00,6.73,8.11,50.89,0.14,0,6.1,3
2020/10/5 02:00:00,8.3,11.23,48.02,0.16,0,7.7,4.1
2020/10/5 02:30:00,12.78,19.09,42.47,0.17,1.22,20.9,1.9
2020/10/5 03:00:00,28.04,40.91,35.66,0.18,1.52,0,6.3
2020/10/5 03:30:00,22.47,37.03,41.01,0.19,0,8.5,2.8
2020/10/5 04:00:00,,,,,,12.3,4.8
2020/10/5 04:30:00,45.67,86.54,24.41,0.23,1.7,23.9,6.7
2020/10/5 05:00:00,77.8,176.68,11.97,0.41,2.82,38.5,5.1
2020/10/5 05:30:00,85.14,209.95,6.49,0.45,5.19,22.7,9.6
2020/10/5 06:00:00,91.46,219,7.2,0.49,0.82,36.8,12.4
2020/10/5 06:30:00,73.99,163.48,9.36,0.36,0.56,21,7.3
2020/10/5 07:00:00,85.22,192.26,11.83,0.38,1.84,,8.1
2020/10/5 07:30:00,82.47,217.55,13.65,0.36,3.17,26.9,8.5
2020/10/5 08:00:00,59.02,114.54,21.69,0.25,2.87,34,12.7
2020/10/5 08:30:00,67.22,140.95,16.24,0.24,2.34,46.9,13.9
2020/10/5 09:00:00,48.04,95.36,30.93,0.15,2.08,21.7,6.4
2020/10/5 09:30:00,37.89,89.64,36.3,0.13,2.34,19.3,6.8
2020/10/5 10:00:00,47.07,88.72,37.46,0.24,2.42,30.4,7.8
2020/10/5 10:30:00,51.98,116.61,30.85,0.19,2.47,27.7,7.6
2020/10/5 11:00:00,51.01,91.49,35.04,0.22,2.53,11.9,1.7
2020/10/5 11:30:00,48.58,99.85,36.02,0.28,2.66,19.1,3.6
2020/10/5 12:00:00,44.33,99.97,42.85,0.46,2.5,35.8,10.7
2020/10/5 12:30:00,47.89,102.4,42.01,0.38,2.47,53.2,0.5
2020/10/5 13:00:00,57.49,126.76,36.98,0.37,2.55,29.5,6.4
2020/10/5 13:30:00,64.01,133.03,29.4,0.36,2.45,24.5,6.7
2020/10/5 14:00:00,65.69,126.59,30.21,0.36,2.42,24,6
2020/10/5 14:30:00,48.54,92.14,42.79,0.31,2.79,26.2,9.6
2020/10/5 15:00:00,43.09,87.44,45.82,0.29,2.31,25.4,9.2
2020/10/5 15:30:00,35.86,71.24,46.3,0.25,2.08,27.5,12.1
2020/10/5 16:00:00,33.47,70.32,44.12,0.24,2,25.6,10.1
2020/10/5 16:30:00,35.95,71.01,43.37,0.28,1.86,27.7,9.8
2020/10/5 17:00:00,36.26,72.12,37.84,0.22,1.7,33.4,14.5
2020/10/5 17:30:00,31.38,61.2,37.22,0.21,1.73,20.5,9.7
2020/10/5 18:00:00,26.14,44.6,52.49,0.22,1.81,19.5,10.3
2020/10/5 18:30:00,27.29,55.62,49.41,0.21,2.18,19.1,10
2020/10/5 19:00:00,28.65,48.62,45.18,0.18,1.92,21.5,11.3
2020/10/5 19:30:00,31.27,55.77,37.66,0.3,1.92,23.6,11.9
2020/10/5 20:00:00,32.67,62.04,37.34,0.29,2.18,21.7,10.8
2020/10/5 20:30:00,33.66,58.08,34.53,0.25,1.97,23.4,10.5
2020/10/5 21:00:00,27.56,43.66,33.67,0.23,2.29,22,10.3
2020/10/5 21:30:00,36.15,61.93,33.51,0.23,2.24,21.1,9.9
2020/10/5 22:00:00,31.36,47.18,35.76,0.23,1.97,20.4,9.4
2020/10/5 22:30:00,23.79,36.07,44.56,0.14,1.97,19.2,11
2020/10/5 23:00:00,13.48,17.58,52.49,0.09,2,0,0.3
2020/10/5 23:30:00,16.12,20.9,52.25,0.13,1.73,13.7,8.5
2020/10/6 00:00:00,19.97,28.21,48.54,0.11,1.78,6.4,4.3
2020/10/6 00:30:00,17.38,29.51,46.7,0.09,1.78,6.8,3.4
2020/10/6 01:00:00,9.29,15.01,51.43,0.11,1.78,6.3,5.2
2020/10/6 01:30:00,12.11,15.19,45.62,0.11,1.84,5.9,4.6
2020/10/6 02:00:00,14.61,19.51,,0.09,1.92,5.6,3.1
2020/10/6 02:30:00,21.02,28.57,33.67,0.09,2.08,6.4,3.8
2020/10/6 03:00:00,25.68,32.93,20.95,0.1,1.84,8.1,5.2
2020/10/6 03:30:00,32.93,39.4,11.2,0.1,2.08,8.5,5.4
2020/10/6 04:00:00,43.78,69.1,3.27,0.13,2.24,9.6,6.3
2020/10/6 04:30:00,55.56,121.79,2.02,0.16,2.16,15.8,6.6
2020/10/6 05:00:00,,,,,,14.3,6.3
2020/10/6 05:30:00,55.52,116.97,4.73,0.22,0.75,9.4,5.3
2020/10/6 06:00:00,52.35,108.48,4.37,0.24,0.98,14.4,6.9
2020/10/6 06:30:00,60.8,126.34,9.42,0.24,1.2,12.4,6.3
2020/10/6 07:00:00,52.1,123.59,0.02,0.26,2.87,46.4,4.3
2020/10/6 07:30:00,45.42,98.51,10.44,0.23,2.16,5.3,9.6
2020/10/6 08:00:00,31.63,58.18,19.82,0.22,0,6.5,5
2020/10/6 08:30:00,27.14,61.3,25.6,0.22,0,18,7.5
2020/10/6 09:00:00,28.48,62.88,29.14,0.21,0.13,25.8,6
2020/10/6 09:30:00,27.87,61.09,28.4,0.21,1.14,22.9,6.5
2020/10/6 10:00:00,24.54,50.55,31.73,0.21,1.01,15.8,7
2020/10/6 10:30:00,30.43,62.04,34.94,0.19,0.96,21.5,7
2020/10/6 11:00:00,34.81,66.1,32.47,0.21,1.14,16.7,4.5
2020/10/6 11:30:00,28.48,62.19,38.96,0.21,0.9,24.1,6.8
2020/10/6 12:00:00,17.82,34.5,40.57,0.17,1.09,16.7,4.9
2020/10/6 12:30:00,33.51,83.06,30.57,0.24,1.17,24.4,7.9
2020/10/6 13:00:00,26.18,54.87,29.86,0.19,1.01,21.8,9
2020/10/6 13:30:00,28.09,54.3,34.73,0.19,0.82,14.6,3.8
2020/10/6 14:00:00,35.13,65.33,28.1,0.23,0.69,15.7,6.4
2020/10/6 14:30:00,42.4,92.3,16.98,0.24,0.67,11.8,4.7
2020/10/6 15:00:00,58.71,127.51,3.83,0.23,0.82,18.9,6.5
2020/10/6 15:30:00,61.54,138.16,4.75,0.21,0.29,17.7,6.1
2020/10/6 16:00:00,57.91,121.18,0,0.21,0.45,16.5,7.5
2020/10/6 16:30:00,55.37,101.8,4.95,0.21,0.88,16.9,7.4
2020/10/6 17:00:00,44.24,68.51,17.68,0.21,0.69,19.1,7.8
2020/10/6 17:30:00,23.47,35.17,30.27,0.18,0.56,12.6,7.3
2020/10/6 18:00:00,19.99,29.89,28.58,0.19,0.43,13,7.1
2020/10/6 18:30:00,19.66,35.73,33.39,0.22,0.43,16.7,8.5
2020/10/6 19:00:00,17.5,26.53,39.75,0.19,0,11.2,6.5
2020/10/6 19:30:00,22.32,29.17,39.69,0.19,0.24,14.7,6.8
2020/10/6 20:00:00,19.18,28.44,32.63,0.19,0.37,18.4,8.6
2020/10/6 20:30:00,15.95,21.9,35.4,0.17,0.93,14.8,7.5
2020/10/6 21:00:00,14.32,19.91,38.44,0.15,0.82,8.3,4
2020/10/6 21:30:00,10.73,14.75,40.49,0.14,0.8,7.8,3.8
2020/10/6 22:00:00,14.27,18.38,40.31,0.17,0.9,8.6,4.5
2020/10/6 22:30:00,10.81,13.29,31.05,0.15,0.77,9.9,5.4
2020/10/6 23:00:00,8.85,9.33,38.56,0.13,0.96,9.1,4.5
2020/10/6 23:30:00,9.75,11.19,35.34,0.14,0.69,3.8,3.5
2020/10/7 00:00:00,13.04,13.56,35.02,0.14,0.56,9.6,4.9
2020/10/7 00:30:00,7.8,8.15,30.16,0.14,0.43,9.1,5.2
2020/10/7 01:00:00,,,43.85,,,4.3,3.4
2020/10/7 01:30:00,5.91,6.43,33.79,0.14,1.06,2.1,1.6
2020/10/7 02:00:00,7.9,9.37,39.47,0.15,1.3,10.9,5.6
2020/10/7 02:30:00,8.93,11.25,33.15,0.11,1.09,22.9,8.3
2020/10/7 03:00:00,8.41,9.41,,0.13,1.01,11.3,7.1
2020/10/7 03:30:00,7.57,8.63,33.41,0.1,0.8,6.8,5
2020/10/7 04:00:00,10.79,13.71,32.65,0.13,0.77,8,5.2
2020/10/7 04:30:00,26.14,37.75,23.85,0.13,0.56,3,1.7
2020/10/7 05:00:00,32.84,53.28,25.96,0.18,0.43,10.7,5.6
2020/10/7 05:30:00,31.69,65.48,22.87,0.18,0.77,13.4,6.3
2020/10/7 06:00:00,,,,,,16.2,6.8
2020/10/7 06:30:00,43.91,81.95,32.01,0.23,0,17.6,7.3
2020/10/7 07:00:00,42.84,91.15,26.08,0.25,0,21,10.8
2020/10/7 07:30:00,66.59,140.91,22.91,0.24,0,19.2,9.5
2020/10/7 08:00:00,56.9,117.29,29.12,0.18,0.24,16.3,7.4
2020/10/7 08:30:00,47.74,106.26,28.34,0.18,0.4,20.4,9.3
2020/10/7 09:00:00,42.73,85.35,35.18,0.17,0.56,12,6.4
2020/10/7 09:30:00,36.76,94.31,43.19,0.18,0.82,14.6,6.9
2020/10/7 10:00:00,34.12,73.65,36.92,0.16,0.05,18.4,8.4
2020/10/7 10:30:00,31.04,60.57,40.37,0.17,0.35,20,8.3
2020/10/7 11:00:00,26.87,53.38,51.03,0.16,0.4,18,5.4
2020/10/7 11:30:00,36.11,65.68,46.52,0.17,0.8,23.2,10.3
2020/10/7 12:00:00,27.41,52.69,47.96,0.18,0.51,19,7.1
2020/10/7 12:30:00,28.96,55.12,49.35,0.17,0.37,25.9,8.8
2020/10/7 13:00:00,28.57,58.33,50.63,0.18,0.29,20.8,8.3
2020/10/7 13:30:00,20.66,43.72,60.51,0.18,0.37,9.9,3.4
2020/10/7 14:00:00,31.88,58.54,57.8,0.23,0.16,14.8,8.8
2020/10/7 14:30:00,35.88,72.12,53.52,0.23,0,21.2,9.7
2020/10/7 15:00:00,33.68,65.92,48.06,0.24,0,19.7,7.2
2020/10/7 15:30:00,35.11,69.5,51.59,0.24,0.53,17.6,7.5
2020/10/7 16:00:00,39.17,73.34,48.46,0.24,0.72,26.9,13.5
2020/10/7 16:30:00,37.2,68.39,49.41,0.22,0.96,19.2,10.6
2020/10/7 17:00:00,42,67.8,40.59,0.21,0.88,16,10.2
2020/10/7 17:30:00,41.06,70.61,33.93,0.23,0.8,15.8,8.2
2020/10/7 18:00:00,38.59,65.75,45.38,0.25,0.98,14.8,8.2
2020/10/7 18:30:00,36.66,64.32,46.48,0.23,0.51,14.3,7.2
2020/10/7 19:00:00,41.35,79.73,33.61,0.24,0,18,8.3
2020/10/7 19:30:00,36.01,63.5,45.18,0.23,0,20.3,9.2
2020/10/7 20:00:00,30.85,52.84,51.21,0.26,0,11.5,5
2020/10/7 20:30:00,34.9,64.37,46.88,0.3,0,17.3,6.6
2020/10/7 21:00:00,38.82,60.42,41.13,0.26,0,15.2,5.8
2020/10/7 21:30:00,36.8,59.8,46.38,0.25,0,14.1,6.2
2020/10/7 22:00:00,33.85,50.55,37.96,0.19,0,13.5,6.3
2020/10/7 22:30:00,19.58,31.61,53.54,0.29,0,9.3,4.4
2020/10/7 23:00:00,15.51,23.87,54.68,0.18,1.94,12.3,3.5
2020/10/7 23:30:00,17.46,27.58,54.08,0.18,0,13.6,8.3
2020/10/8 00:00:00,14.04,17.42,52.55,0.17,0,10.1,6.2
2020/10/8 00:30:00,11.76,16.28,53.84,0.16,0,10.5,4.9
2020/10/8 01:00:00,12.22,20.22,,0.15,1.52,11.4,3.8
2020/10/8 01:30:00,12.09,16.08,43.75,0.15,0,12.1,7.3
2020/10/8 02:00:00,17.27,21.34,46.64,0.17,0,6.8,2.3
2020/10/8 02:30:00,13.79,24.54,44.66,0.17,1.94,13.5,4.9
2020/10/8 03:00:00,24.46,32.4,40.79,0.14,0,11.5,7
2020/10/8 03:30:00,36.53,50.64,33.35,0.16,0,13.2,6
2020/10/8 04:00:00,,,,,,9.3,2.6
2020/10/8 04:30:00,36.93,61.47,39,0.17,0,22.3,8.2
2020/10/8 05:00:00,44.08,76.39,31.31,0.18,0,24.2,6.7
2020/10/8 05:30:00,53.44,110.37,35.26,0.19,0,22.5,6.9
2020/10/8 06:00:00,54.75,102.87,31.73,0.24,0,23.4,7
2020/10/8 06:30:00,50.34,93.81,37.54,0.22,0,21,6.8
2020/10/8 07:00:00,50.85,100.94,35.4,0.25,0,21.3,6.6
2020/10/8 07:30:00,43.57,92.43,29.68,0.23,0,24.8,7.7
2020/10/8 08:00:00,39.4,73.27,44.05,0.17,0,22.6,8.2
2020/10/8 08:30:00,35.25,62.62,44.36,0.16,0,21.4,7.5
2020/10/8 09:00:00,37.43,71.66,33.57,0.18,0,22.7,7.9
2020/10/8 09:30:00,35.71,75.28,40.31,0.18,0,23.9,7
2020/10/8 10:00:00,27.64,51.5,43.21,0.17,0,20.4,7.3
2020/10/8 10:30:00,23.56,45.4,44.28,0.19,0,20.4,6.3
2020/10/8 11:00:00,29.78,60.63,32.25,0.19,0,20.1,6.2
2020/10/8 11:30:00,26.97,54.95,38.88,0.19,0,22,7.3
2020/10/8 12:00:00,26.3,49.5,46.8,0.22,0,24.1,8.8
2020/10/8 12:30:00,29.59,55.08,42.27,0.22,0,24.2,7.1
2020/10/8 13:00:00,41.33,77.28,31.35,0.24,0,25.1,6.8
2020/10/8 13:30:00,32.19,60.8,26.92,0.23,0,27.5,7.5
2020/10/8 14:00:00,34.41,61.66,44.56,0.25,0,22.2,8.1
2020/10/8 14:30:00,30.08,56.28,42.73,0.26,0,20.8,9.2
2020/10/8 15:00:00,24.65,58.33,43.01,0.26,0,12.3,5.2
2020/10/8 15:30:00,29.99,52.38,35.94,0.23,0,12.4,7.3
2020/10/8 16:00:00,26.51,43.32,59.01,0.24,0,6.7,2.8
2020/10/8 16:30:00,20.25,33.05,60.51,0.26,0,10.5,3.2
2020/10/8 17:00:00,20.46,35.78,56.32,0.25,2.42,17.1,7.1
2020/10/8 17:30:00,21.38,39.05,49.51,0.22,0,13.2,8.2
2020/10/8 18:00:00,14.04,22.07,55.28,0.15,0,6.8,4.3
2020/10/8 18:30:00,12.72,20.48,56.24,0.17,0,6.1,3.5
2020/10/8 19:00:00,14.65,22.78,45.26,0.17,0,5.3,3.8
2020/10/8 19:30:00,14.02,23.73,41.99,0.16,0,7.3,4.4
2020/10/8 20:00:00,16.56,28.94,33.11,0.19,0,7.2,3.4
2020/10/8 20:30:00,15.95,26.83,37.44,0.18,0,8.2,4.7
2020/10/8 21:00:00,17.42,29.64,36.72,0.21,0,7.1,3.8
2020/10/8 21:30:00,15.82,28.08,33.31,0.17,0,7,3.9
2020/10/8 22:00:00,13.77,17.71,32.71,0.15,0,6.7,3.7
2020/10/8 22:30:00,16.83,24.33,29.32,0.18,0,8.2,4.9
2020/10/8 23:00:00,23.7,35.46,31.79,0.17,0,9.3,6
2020/10/8 23:30:00,10.23,13.71,40.43,0.17,0,0.8,2.8
2020/10/9 00:00:00,9.35,11.93,33.45,0.16,0,0,0
2020/10/9 00:30:00,8.09,9.03,36.46,0.14,0,2.7,2.6
2020/10/9 01:00:00,8.05,9.47,53.25,0.15,0,5.2,4.7
2020/10/9 01:30:00,5.53,6.87,58.01,0.13,0,0.7,1
2020/10/9 02:00:00,5.09,5.36,,0.16,0,2.7,1.1
2020/10/9 02:30:00,5.57,6.75,64.54,0.19,1.09,9.9,2.7
2020/10/9 03:00:00,6.77,8.05,64.56,0.17,0,10.2,6.9
2020/10/9 03:30:00,5.72,6.73,62.92,0.15,0,4.9,2.5
2020/10/9 04:00:00,9.56,16.91,57.7,0.17,1.36,12.6,4.5
2020/10/9 04:30:00,18,32.63,58.01,0.19,0,7.8,5.5
2020/10/9 05:00:00,,,,,,13.2,2.3
2020/10/9 05:30:00,59.5,163.37,19.18,0.28,0,18.1,9.3
2020/10/9 06:00:00,46.74,104.21,25.74,0.26,0,12.6,3.9
2020/10/9 06:30:00,55.19,127.77,20.02,0.32,0,23,10.2
2020/10/9 07:00:00,52.88,120.7,15.83,0.28,0,17.9,5.1
2020/10/9 07:30:00,44.71,107.44,21.63,0.25,0.35,27.9,7.8
2020/10/9 08:00:00,38.8,103.66,28.22,0.22,0,39.9,8.8
2020/10/9 08:30:00,53.59,121.77,30,0.23,0,46.7,4.7
2020/10/9 09:00:00,30.41,70.07,37.48,0.24,0.61,35.7,10.6
2020/10/9 09:30:00,32.17,71.45,40.11,0.23,0,30.6,9.5
2020/10/9 10:00:00,28.31,66.77,37.1,0.18,0,26.3,6.5
2020/10/9 10:30:00,22.38,52.92,46.02,0.23,0,17.2,2.4
2020/10/9 11:00:00,29.15,73.06,46.54,0.16,0,31.5,8
2020/10/9 11:30:00,39.99,87.27,42.39,0.24,0,30.5,7.8
2020/10/9 12:00:00,28.84,71.68,42.83,0.18,0,20,5.2
2020/10/9 12:30:00,40.18,93.44,36.92,0.25,0,28.6,9
2020/10/9 13:00:00,40.07,91.23,40.87,0.26,0,17.2,3.6
2020/10/9 13:30:00,31.8,73.08,46.62,0.25,0,20.1,6.5
2020/10/9 14:00:00,36.7,76.17,47.06,0.22,0,15.4,5.3
2020/10/9 14:30:00,37.73,70.59,46.1,0.19,0,25.5,11.7
2020/10/9 15:00:00,37.37,66.52,52.37,0.24,0,24.3,8.4
2020/10/9 15:30:00,23.68,38.23,53.44,0.18,0,29,10.8
2020/10/9 16:00:00,36.85,61.79,40.71,0.25,0,24.2,5.7
2020/10/9 16:30:00,30.41,50.97,50.77,0.21,0,25.3,8.3
2020/10/9 17:00:00,41.92,63.5,33.27,0.19,0,27.2,9.7
2020/10/9 17:30:00,45.4,72.75,31.81,0.23,0,29.9,11.4
2020/10/9 18:00:00,38.19,58.35,43.13,0.18,0,23.7,9.4
2020/10/9 18:30:00,23.93,46,53.96,0.19,0,29.9,11.9
2020/10/9 19:00:00,22.64,35.36,43.19,0.19,0,19,7.5
2020/10/9 19:30:00,19.03,31.02,46.78,0.19,0,14.6,5.9
2020/10/9 20:00:00,18.95,26.77,44.62,0.16,0,14.6,5.8
2020/10/9 20:30:00,23.33,38.29,41.37,0.21,0,8.9,3.6
2020/10/9 21:00:00,19.43,33.24,48.34,0.21,0,7.5,3.2
2020/10/9 21:30:00,17.79,24.88,53.37,0.19,0,9.3,4.8
2020/10/9 22:00:00,19.95,27.06,42.19,0.16,0,8.9,3.8
2020/10/9 22:30:00,15.3,21.4,47.94,0.17,0,11.8,4.5
2020/10/9 23:00:00,29.03,37.83,33.71,0.17,0,14.2,5.6
2020/10/9 23:30:00,27.14,32.93,41.77,0.17,0,13.7,6.2
2020/10/10 00:00:00,24.48,33.99,35.48,0.16,0,14.5,6.3
2020/10/10 00:30:00,25.82,29.85,31.81,0.15,0,13.3,6.3
2020/10/10 01:00:00,28.71,33.24,27.62,0.15,0,11.9,5.9
2020/10/10 01:30:00,17.14,20.33,30.08,0.21,0,12.9,5.3
2020/10/10 02:00:00,23.49,27.9,20.93,0.15,1.28,15.5,2.9
2020/10/10 02:30:00,19.37,22.09,23.75,0.16,0,6,6.9
2020/10/10 03:00:00,18.99,21.09,,0.16,0,8.3,5.8
2020/10/10 03:30:00,18.76,21.84,37.78,0.15,0,13,2.7
2020/10/10 04:00:00,16.77,21.67,35.72,0.17,0.48,15.8,8.3
2020/10/10 04:30:00,15.68,18.51,43.81,0.17,0,8.6,5.9
2020/10/10 05:00:00,16.85,23.41,45.44,0.15,0,13.9,6.4
2020/10/10 05:30:00,20.98,32.97,31.15,0.16,0,8.2,2.9
2020/10/10 06:00:00,,,,,,13.9,7.8
2020/10/10 06:30:00,17.79,27.67,66.74,0.17,0,0,3.4
2020/10/10 07:00:00,20.31,32.03,67.99,0.19,0,14,3.3
2020/10/10 07:30:00,19.47,36.36,67.97,0.19,0,1.9,5.2
2020/10/10 08:00:00,25.61,47.12,65.48,0.19,0,4.3,1.3
2020/10/10 08:30:00,21.21,40.22,67.97,0.21,0,10.3,8.4
2020/10/10 09:00:00,15.53,27.94,67.41,0.22,0,0.5,1.3
2020/10/10 09:30:00,23.12,48.02,68.29,0.23,0,8.1,6.4
2020/10/10 10:00:00,26.2,55.9,72.88,0.22,0,0.6,3.2
2020/10/10 10:30:00,24.44,52.15,74.3,0.22,0,3.6,0
2020/10/10 11:00:00,31.44,65.79,80.91,0.24,0,9.3,3.5
2020/10/10 11:30:00,20.23,41.29,88.01,0.16,0,7.9,2.3
2020/10/10 12:00:00,31.29,59.42,81.64,0.19,0,13.6,7.8
2020/10/10 12:30:00,27.58,58.39,83.24,0.24,0,11.4,3.1
2020/10/10 13:00:00,29.62,59.88,78.57,0.25,0,15.9,10.8
2020/10/10 13:30:00,34.52,68.85,74.56,0.24,0,19,8.6
2020/10/10 14:00:00,24.44,46.93,81.01,0.23,0,3,0
2020/10/10 14:30:00,44.04,87.67,70.43,0.31,0,14.2,12.1
2020/10/10 15:00:00,42.42,72.35,74.24,0.26,0,10,6.2
2020/10/10 15:30:00,45.56,88.51,74.3,0.3,0,17.6,9.6
2020/10/10 16:00:00,,,,,,,
2020/10/10 16:30:00,,,,,,,
2020/10/10 17:00:00,,,,,,,
2020/10/10 17:30:00,,,,,,,
2020/10/10 18:00:00,,,,,,,
2020/10/10 18:30:00,,,,,,,
2020/10/10 19:00:00,,,,,,,
2020/10/10 19:30:00,,,,,,,
2020/10/10 20:00:00,,,,,,,
2020/10/10 20:30:00,,,,,,,
2020/10/10 21:00:00,,,,,,,
2020/10/10 21:30:00,,,,,,,
2020/10/10 22:00:00,,,,,,,
2020/10/10 22:30:00,,,,,,,
2020/10/10 23:00:00,,,,,,,
2020/10/10 23:30:00,,,,,,,
2020/10/11 00:00:00,,,,,,,
2020/10/11 00:30:00,,,,,,,
2020/10/11 01:00:00,,,,,,,
2020/10/11 01:30:00,,,,,,,
2020/10/11 02:00:00,,,,,,,
2020/10/11 02:30:00,,,,,,,
2020/10/11 03:00:00,,,,,,,
2020/10/11 03:30:00,,,,,,,
2020/10/11 04:00:00,,,,,,,
2020/10/11 04:30:00,,,,,,,
2020/10/11 05:00:00,,,,,,,
2020/10/11 05:30:00,,,,,,,
2020/10/11 06:00:00,,,,,,,
2020/10/11 06:30:00,,,,,,,
2020/10/11 07:00:00,,,,,,,
2020/10/11 07:30:00,,,,,,,
2020/10/11 08:00:00,,,,,,,
2020/10/11 08:30:00,,,,,,,
2020/10/11 09:00:00,,,,,,,
2020/10/11 09:30:00,,,,,,,
2020/10/11 10:00:00,,,,,,,
2020/10/11 10:30:00,,,,,,,
2020/10/11 11:00:00,,,,,,,
2020/10/11 11:30:00,,,,,,,
2020/10/11 12:00:00,,,,,,,
2020/10/11 12:30:00,,,,,,,
2020/10/11 13:00:00,,,,,,,
2020/10/11 13:30:00,,,,,,,
2020/10/11 14:00:00,,,,,,,
2020/10/11 14:30:00,,,,,,,
2020/10/11 15:00:00,,,,,,,
2020/10/11 15:30:00,,,,,,,
2020/10/11 16:00:00,,,,,,,
2020/10/11 16:30:00,,,,,,,
2020/10/11 17:00:00,,,,,,,
2020/10/11 17:30:00,,,,,,,
2020/10/11 18:00:00,,,,,,,
2020/10/11 18:30:00,,,,,,,
2020/10/11 19:00:00,,,,,,,
2020/10/11 19:30:00,,,,,,,
2020/10/11 20:00:00,,,,,,,
2020/10/11 20:30:00,,,,,,,
2020/10/11 21:00:00,,,,,,25.9,
2020/10/11 21:30:00,,,,,,22.1,11.2
2020/10/11 22:00:00,,,,,,20,5.5
2020/10/11 22:30:00,,,,,,25.4,14.1
2020/10/11 23:00:00,,,,,,26.8,8.2
2020/10/11 23:30:00,,,,,,25.1,10
2020/10/12 00:00:00,,,,,,16.1,9
2020/10/12 00:30:00,,,,,,21,8.4
2020/10/12 01:00:00,,,,,,18,8.4
2020/10/12 01:30:00,,,,,,20.8,13.6
2020/10/12 02:00:00,,,,,,19.1,9
2020/10/12 02:30:00,,,,,,21.9,10
2020/10/12 03:00:00,,,,,,19.8,9.1
2020/10/12 03:30:00,,,,,,16.8,6.1
2020/10/12 04:00:00,,,,,,17.9,7.8
2020/10/12 04:30:00,,,,,,52.8,11
2020/10/12 05:00:00,,,,,,58.1,10.3
2020/10/12 05:30:00,,,,,,70.6,15.1
2020/10/12 06:00:00,,,,,,59.4,12
2020/10/12 06:30:00,,,,,,68.3,15
2020/10/12 07:00:00,,,,,,49.7,9.2
2020/10/12 07:30:00,,,,,,66,16.6
2020/10/12 08:00:00,,,,,,70.4,13.9
2020/10/12 08:30:00,,,,,,72.4,18.7
2020/10/12 09:00:00,,,,,,46.9,10.1
2020/10/12 09:30:00,,,,,,43.5,14.2
2020/10/12 10:00:00,61.62,127.35,44.14,0.28,0,42,11.7
2020/10/12 10:30:00,56.44,136.57,49.37,0.26,0,19.8,6
2020/10/12 11:00:00,,,,,,,0
2020/10/12 11:30:00,42.71,117.73,39.65,0.25,0,41,8.4
2020/10/12 12:00:00,35.34,91.61,54.84,0.26,0,23.3,2.6
2020/10/12 12:30:00,36.3,102.13,51.33,0.21,0,27.4,2.6
2020/10/12 13:00:00,20.96,47.16,68.09,0.16,0,11.1,0
2020/10/12 13:30:00,46.78,112.36,52.39,0.31,0,36.7,17.2
2020/10/12 14:00:00,55.75,159.16,50.29,0.31,0,22.9,6.7
2020/10/12 14:30:00,38.36,82.58,64.58,0.26,0,3.8,0.8
2020/10/12 15:00:00,38.8,89.64,55.34,0.26,0,32.4,13.2
2020/10/12 15:30:00,45.77,85.83,52.15,0.26,0,20.3,8.6
2020/10/12 16:00:00,38.8,73.69,51.65,0.26,0,7.4,3.4
2020/10/12 16:30:00,38.96,73.36,56.58,0.31,0,25.3,10.3
2020/10/12 17:00:00,56.3,111.31,37,0.4,0,31.4,12.2
2020/10/12 17:30:00,52.75,91.47,43.29,0.34,0,27.9,11.9
2020/10/12 18:00:00,50.83,98.26,44.32,0.45,0.43,24.6,7.5
2020/10/12 18:30:00,67.26,116.47,27.74,0.32,0,18.7,11
2020/10/12 19:00:00,63.5,106.14,30.83,0.31,0,25.9,11.6
2020/10/12 19:30:00,66.38,118.67,35.82,0.32,0,30.4,9.1
2020/10/12 20:00:00,76.08,175.28,35.54,0.41,0,35.2,19.3
2020/10/12 20:30:00,67.95,140.65,25.78,0.48,0,33.7,10.7
2020/10/12 21:00:00,71.58,133.84,26.9,0.41,0.21,20,8.7
2020/10/12 21:30:00,65.85,102.2,29.68,0.31,0,14.4,8.4
2020/10/12 22:00:00,64.68,98.67,19.44,0.32,0,17.1,6.5
2020/10/12 22:30:00,59,100.31,33.35,0.57,0,22.5,12.8
2020/10/12 23:00:00,59.88,93.18,28.72,0.26,0,21.7,8.2
2020/10/12 23:30:00,55.96,70.49,38.94,0.28,0,20.3,11.4
2020/10/13 00:00:00,57.53,74.91,22.05,0.26,0,14.2,8.7
2020/10/13 00:30:00,60.76,82.33,39.95,0.24,0,19,5.3
2020/10/13 01:00:00,61.87,83.35,,0.25,0,25.1,12.1
2020/10/13 01:30:00,62.48,81.84,37.58,0.26,0,15,8.6
2020/10/13 02:00:00,33.28,42.63,44.92,0.23,0,14.1,4.8
2020/10/13 02:30:00,49.25,66.38,35.82,0.19,0,14.1,8.4
2020/10/13 03:00:00,59.12,93.64,28.42,0.22,0,19.2,5.1
2020/10/13 03:30:00,41.16,66.36,43.33,0.21,0,21.1,10
2020/10/13 04:00:00,,,,,,32.1,8.5
2020/10/13 04:30:00,70.53,173.29,14.37,0.36,4.79,71.6,10.1
2020/10/13 05:00:00,86.5,257.96,17.52,0.53,2.18,80.3,14.4
2020/10/13 05:30:00,113.2,532.34,12.09,0.72,2.82,100.4,13.3
2020/10/13 06:00:00,98.28,393.57,15.53,0.61,3.54,74.5,16.1
2020/10/13 06:30:00,107.6,518.5,22.33,0.73,1.62,108.2,15.6
2020/10/13 07:00:00,100.33,499.7,11.89,0.8,5.69,100.4,19.3
2020/10/13 07:30:00,91.13,273.56,15.19,0.52,1.84,70,17.4
2020/10/13 08:00:00,68.98,169.01,18.84,0.31,1.09,53.3,12.4
2020/10/13 08:30:00,60.7,164.21,27.78,0.36,2.71,55.7,5.8
2020/10/13 09:00:00,55.96,139.44,28.92,0.3,5.56,46.5,11.1
2020/10/13 09:30:00,57.51,136.74,36.02,0.3,1.78,42.2,7.9
2020/10/13 10:00:00,59.77,129.74,53.31,0.31,0,0,0
2020/10/13 10:30:00,55.48,139.84,40.95,0.37,3.33,0,0
2020/10/13 11:00:00,57.2,134.83,30.65,0.34,4.6,103.6,0
2020/10/13 11:30:00,52.71,122.23,52.01,0.32,2.08,79.8,6.4
2020/10/13 12:00:00,58.25,132.52,47.58,0.31,3.3,60.8,6.3
2020/10/13 12:30:00,65.66,138.29,45.58,0.34,3.62,54.6,5.1
2020/10/13 13:00:00,51.41,123.24,39.77,0.31,3.65,43.3,7.3
2020/10/13 13:30:00,28.78,66.77,67.77,0.25,3.22,31.9,5
2020/10/13 14:00:00,66.84,151.32,42.79,0.31,3.38,38.3,7.2
2020/10/13 14:30:00,73.25,165.26,44.1,0.48,2.61,38.3,6.8
2020/10/13 15:00:00,65.22,149.65,44.42,0.47,2.31,32.1,6.4
2020/10/13 15:30:00,36.57,82.66,53.37,0.3,2.63,30.1,6.9
2020/10/13 16:00:00,27.75,49.59,64.44,0.24,2.47,23.5,6.6
2020/10/13 16:30:00,35.21,70.13,57.22,0.32,2.55,24.8,6.9
2020/10/13 17:00:00,41.67,80.02,44.18,0.41,2.55,23.5,8.8
2020/10/13 17:30:00,55.06,114.41,32.89,0.48,2.87,32.3,12.1
2020/10/13 18:00:00,41.58,88.17,42.21,0.36,2.74,22.7,7.7
2020/10/13 18:30:00,39.38,56.19,43.25,0.28,2.58,18.9,8.7
2020/10/13 19:00:00,26.81,51.37,52.85,0.28,2.53,15,6.6
2020/10/13 19:30:00,25.8,46.8,51.55,0.22,2.58,11.2,4.4
2020/10/13 20:00:00,15.85,36.61,55.94,0.23,2.82,9.9,2.2
2020/10/13 20:30:00,13.83,25.68,55.48,0.23,5.61,9.1,4.1
2020/10/13 21:00:00,14.99,28.31,45.18,0.21,1.49,7.3,5.8
2020/10/13 21:30:00,9.96,23.68,45.52,0.23,2.82,13.7,1.2
2020/10/13 22:00:00,7.52,17.67,44.48,0.18,2.74,4.5,5.1
2020/10/13 22:30:00,7.55,15.07,45.54,0.17,1.36,7,0.7
2020/10/13 23:00:00,6.54,10.58,52.35,0.21,3.99,1.2,3.7
2020/10/13 23:30:00,4.04,6.12,51.95,0.14,1.6,6.2,1
2020/10/14 00:00:00,4.9,4.95,57.9,0.13,2.42,0,4
2020/10/14 00:30:00,3.84,3.75,62.78,0.16,2.45,6.5,0
2020/10/14 01:00:00,5.24,4.99,63.96,0.1,2.93,0,3
2020/10/14 01:30:00,3,2.39,60.83,0.13,3.19,6.4,0
2020/10/14 02:00:00,1.76,1.13,,0.13,1.41,0,3.9
2020/10/14 02:30:00,4.17,4.63,64.08,0.13,2.82,6,0.1
2020/10/14 03:00:00,2.75,2.68,64.68,0.1,2,0.8,3.5
2020/10/14 03:30:00,3.44,3.69,56.02,0.13,2.9,5.1,1
2020/10/14 04:00:00,3.92,5.03,63.36,0.11,1.76,4,2.1
2020/10/14 04:30:00,9.52,14,55.24,0.14,2.82,9.6,3.8
2020/10/14 05:00:00,,,,,,8,0.9
2020/10/14 05:30:00,11.65,36.51,31.97,0.16,0.19,13.3,5.6
2020/10/14 06:00:00,12.11,20.31,41.27,0.15,0.51,14.1,1.8
2020/10/14 06:30:00,13.04,19.11,45.04,0.13,0,12.4,3.3
2020/10/14 07:00:00,16.35,27.43,37.44,0.16,0.75,10.7,3.8
2020/10/14 07:30:00,14.84,35.46,36.1,0.15,0,10.7,1.4
2020/10/14 08:00:00,11.74,20.31,42.81,0.14,0.59,10.4,5.1
2020/10/14 08:30:00,12.99,24.02,39.67,0.15,0.35,12.1,1.3
2020/10/14 09:00:00,12.26,23.68,31.25,0.13,0,7.2,5.6
2020/10/14 09:30:00,11.59,21.76,38.98,0.16,0.27,13,0.7
2020/10/14 10:00:00,11.76,21.67,37.88,0.14,0,9.3,6.4
2020/10/14 10:30:00,12.97,22.51,42.63,0.15,0,10.3,0.5
2020/10/14 11:00:00,9.43,18.72,42.01,0.15,0,5.5,4.5
2020/10/14 11:30:00,10.75,19.09,40.59,0.13,0,10.9,4.1
2020/10/14 12:00:00,11.26,21.29,41.57,0.14,0,12.1,3.4
2020/10/14 12:30:00,13.85,20.88,39.53,0.11,0.13,13.8,4.3
2020/10/14 13:00:00,13.25,21.94,52.69,0.11,0.03,23.3,3.5
2020/10/14 13:30:00,14.21,24.92,36.42,0.17,0,10,3.3
2020/10/14 14:00:00,14.38,24.23,42.33,0.17,0,10,3.7
2020/10/14 14:30:00,9.35,15.24,42.53,0.14,1.33,10.8,0
2020/10/14 15:00:00,9.75,20.35,42.05,0.16,1.41,7.4,5.6
2020/10/14 15:30:00,10.46,17.65,44.3,0.11,0,6.8,3.2
2020/10/14 16:00:00,9.66,15.89,39.44,0.14,0.85,13.4,0.3
2020/10/14 16:30:00,9.29,15.8,37.94,0.16,2.18,8.6,6.2
2020/10/14 17:00:00,8.03,14.69,39.63,0.13,0,8.2,5.6
2020/10/14 17:30:00,7.27,10.71,44.66,0.14,0.61,9,0.7
2020/10/14 18:00:00,7.23,12.37,42.07,0.14,1.38,6.4,7.5
2020/10/14 18:30:00,6.94,10.17,42.51,0.13,0,9.4,2.7
2020/10/14 19:00:00,5.47,10.25,38,0.15,1.76,4.7,5.2
2020/10/14 19:30:00,5.62,7.8,37.76,0.11,0,6.4,3.6
2020/10/14 20:00:00,5.51,8.01,40.59,0.15,2.05,3.8,2.4
2020/10/14 20:30:00,5.11,7.1,34.84,0.15,0,4.2,3.3
2020/10/14 21:00:00,6.45,9.87,46.32,0.14,1.25,3.9,3
2020/10/14 21:30:00,4.69,6.98,50.19,0.11,0,4.4,3.2
2020/10/14 22:00:00,3.54,5.03,40.99,0.14,1.33,4.1,3.2
2020/10/14 22:30:00,2.33,4.26,46.48,0.11,0,4.8,2.7
2020/10/14 23:00:00,2.58,3.06,52.55,0.13,1.12,3.2,2.9
2020/10/14 23:30:00,3.6,4.46,53.42,0.08,0,5.6,3.1
2020/10/15 00:00:00,2.58,2.77,48.95,0.11,0.9,3.1,3.4
2020/10/15 00:30:00,2.43,2.52,51.23,0.09,0,4.9,2.7
2020/10/15 01:00:00,2.08,2.1,54.14,0.11,1.25,2.5,3.6
2020/10/15 01:30:00,2.1,2.33,52.19,0.09,0,3.5,1.1
2020/10/15 02:00:00,1.03,1.66,53.72,0.09,0,3.9,5.1
2020/10/15 02:30:00,1.15,2.12,53.44,0.11,0.43,4.5,0.7
2020/10/15 03:00:00,2.31,2.95,,0.09,0,4.1,4.8
2020/10/15 03:30:00,2.87,4.13,54.06,0.1,0.4,3.6,1.7
2020/10/15 04:00:00,3.35,4,45.88,0.09,0,4.5,3.1
2020/10/15 04:30:00,5.47,8.7,48.1,0.1,0.43,5.8,5.2
2020/10/15 05:00:00,7.96,14.08,44.09,0.13,0,11.8,3.5
2020/10/15 05:30:00,9.66,17.42,49.61,0.1,0,12.1,6.7
2020/10/15 06:00:00,,,,,,15.1,2.4
2020/10/15 06:30:00,14.27,20.66,61.91,0.08,0,11.2,5.8
2020/10/15 07:00:00,19.13,35.82,51.97,0.13,0,15.9,3.8
2020/10/15 07:30:00,17.79,31.56,59.71,0.08,0,14.4,4.4
2020/10/15 08:00:00,13.58,20.2,56.88,0.08,0,15.8,5
2020/10/15 08:30:00,17.27,28.84,49.37,0.11,0,15.1,2.5
2020/10/15 09:00:00,13.58,24.65,55.24,0.09,0,8.8,6.1
2020/10/15 09:30:00,12.51,24.56,,0.1,0,15.7,4.7
2020/10/15 10:00:00,18.3,33.33,,0.09,0,19.5,7.5
2020/10/15 10:30:00,16.03,28.38,,0.09,0,16.5,1.7
2020/10/15 11:00:00,,,,,,,
2020/10/15 11:30:00,16.35,29.36,54.66,0.1,0,,
2020/10/15 12:00:00,14.08,24.69,57.44,0.09,0,,
2020/10/15 12:30:00,14.8,30.68,56.48,0.11,0,,
2020/10/15 13:00:00,13.79,24.81,58.03,0.09,0,,
2020/10/15 13:30:00,11.61,20.39,59.45,0.11,0,,
2020/10/15 14:00:00,14.59,28.27,58.09,0.11,0,,
2020/10/15 14:30:00,15.07,26.95,57.92,0.1,0,,
2020/10/15 15:00:00,14.32,22.51,58.51,0.11,0,,
2020/10/15 15:30:00,14,22.66,58.35,0.1,0,,
2020/10/15 16:00:00,18.07,30.94,56.04,0.11,0,,
2020/10/15 16:30:00,14.04,28.8,57.18,0.1,0,,
2020/10/15 17:00:00,27.77,67.13,46.22,0.17,0,,
2020/10/15 17:30:00,19.24,35.63,52.85,0.14,0,,
2020/10/15 18:00:00,23.47,40.09,50.85,0.16,1.41,,
2020/10/15 18:30:00,13.46,19.11,53.19,0.13,0,8.3,
2020/10/15 19:00:00,29.85,50.41,39.42,0.21,0.67,12,4.9
2020/10/15 19:30:00,39.8,66.42,28.44,0.22,0,15.3,10.1
2020/10/15 20:00:00,40.32,68.18,30.39,0.23,0,16.4,4.1
2020/10/15 20:30:00,24.82,48.54,44.32,0.34,0.24,7.9,7.4
2020/10/15 21:00:00,19.49,34.85,48.02,0.18,0,11,4.1
2020/10/15 21:30:00,12.03,20.92,54,0.11,0.37,6.2,3.9
2020/10/15 22:00:00,10.38,15.59,58.77,0.16,0,5.4,5.3
2020/10/15 22:30:00,6.41,10.33,61.29,0.1,0,5.3,0.3
2020/10/15 23:00:00,15.22,23.41,51.47,0.11,0,3.3,5.7
2020/10/15 23:30:00,23.1,40.53,46.54,0.14,0,7.5,0.3
2020/10/16 00:00:00,10.65,15.85,50.51,0.1,0,3.9,6.2
2020/10/16 00:30:00,17.31,30.71,47.38,0.11,0,10.8,0.1
2020/10/16 01:00:00,,,,,,2.7,4.9
2020/10/16 01:30:00,9.87,23.1,51.99,0.09,0,6.9,1.1
2020/10/16 02:00:00,9.1,13.81,51.31,0.09,0,0.8,4.2
2020/10/16 02:30:00,16.94,21.84,42.99,0.1,0,12.1,1.8
2020/10/16 03:00:00,15.72,23.73,40.65,0.11,0,5.7,4.9
2020/10/16 03:30:00,19.22,29.59,40.43,0.11,0,37,8.1
2020/10/16 04:00:00,,,,,,9.7,4.7
2020/10/16 04:30:00,32.91,59.75,25.74,0.19,1.12,58.6,8.3
2020/10/16 05:00:00,49.76,133.63,11.52,0.29,2.29,40,4
2020/10/16 05:30:00,105.7,316.5,4.11,0.44,1.28,60.8,10.8
2020/10/16 06:00:00,72.06,261.09,3.85,0.46,2.21,49.5,8.7
2020/10/16 06:30:00,87.82,370.22,0.84,0.49,1.68,69.7,8.8
2020/10/16 07:00:00,93.87,401.76,1.26,0.58,2.13,,13.9
2020/10/16 07:30:00,74.21,211.75,6.29,0.44,3.06,47.8,7.7
2020/10/16 08:00:00,52.98,149.84,10.06,0.34,1.09,37.7,8.1
2020/10/16 08:30:00,46.59,115.25,15.33,0.33,2.21,34.7,7.5
2020/10/16 09:00:00,27.23,55.18,28.04,0.23,0,20.5,7.9
2020/10/16 09:30:00,23.52,57.72,32.39,0.32,1.97,21.5,2
2020/10/16 10:00:00,33.55,84.59,34.86,0.23,1.09,24.4,6.9
2020/10/16 10:30:00,22.97,57.38,39.93,0.23,0,28.5,4.9
2020/10/16 11:00:00,31.54,93.22,33.65,0.26,1.12,36,6.2
2020/10/16 11:30:00,12.45,33.77,47.58,0.17,1.92,15.2,3.7
2020/10/16 12:00:00,35.61,88.26,35.98,0.29,2.98,24,6.2
2020/10/16 12:30:00,18.03,45.54,43.97,0.25,1.2,40.8,6.7
2020/10/16 13:00:00,23.28,57.7,40.77,0.25,1.49,30.1,6.9
2020/10/16 13:30:00,13.01,25.17,48.34,0.19,0.96,8.7,4.2
2020/10/16 14:00:00,24.96,50.32,39.69,0.24,1.01,16.7,5
2020/10/16 14:30:00,19.13,44.81,39.67,0.26,1.12,17.8,5
2020/10/16 15:00:00,29.66,58.45,36.08,0.25,1.73,23.9,5.3
2020/10/16 15:30:00,54.12,136.74,19.86,0.44,1.6,21.6,5.8
2020/10/16 16:00:00,28.15,58.85,32.29,0.25,1.01,20.7,6.3
2020/10/16 16:30:00,28.08,61.24,29.72,0.29,0.88,16.9,7.4
2020/10/16 17:00:00,40.32,95.41,20.76,0.34,1.14,22.2,8.4
2020/10/16 17:30:00,40.24,107.52,19.42,0.38,1.3,23.2,9.7
2020/10/16 18:00:00,37.1,82.98,23.67,0.33,0.96,18.1,7.4
2020/10/16 18:30:00,35.86,77.05,26.16,0.33,1.17,17.5,6.7
2020/10/16 19:00:00,25.91,57.18,28.64,0.3,1.38,11.4,6.6
2020/10/16 19:30:00,25.32,55.85,27.9,0.28,2.95,14.6,1.3
2020/10/16 20:00:00,23.1,48.63,28.08,0.3,2.55,9.4,7.7
2020/10/16 20:30:00,29.03,68.62,26.86,0.28,0,14.4,6.3
2020/10/16 21:00:00,22.43,47.81,35.3,0.28,0.24,11.2,3
2020/10/16 21:30:00,23.58,48.41,35.98,0.25,4.39,8.8,1.4
2020/10/16 22:00:00,23.79,49.95,35.74,0.21,0.56,6.9,5.8
2020/10/16 22:30:00,15.17,32.65,40.45,0.19,0,11,3
2020/10/16 23:00:00,21.9,39.93,37.2,0.24,3.96,8.2,1.5
2020/10/16 23:30:00,14.55,22.72,39.79,0.19,0.72,7.7,6.6
2020/10/17 00:00:00,17.27,27.71,42.13,0.21,1.49,11.3,0.5
2020/10/17 00:30:00,11.59,20.69,43.13,0.21,1.09,2.4,5.7
2020/10/17 01:00:00,,,,,,7.7,0.4
2020/10/17 01:30:00,13.6,22.32,44.32,0.31,2.98,4.3,4.4
2020/10/17 02:00:00,7.38,10.75,47.76,0.17,0.27,5.6,0.8
2020/10/17 02:30:00,6.69,10.86,47.68,0.18,1.81,3,4.1
2020/10/17 03:00:00,5.76,7.23,50.49,0.17,0.08,3.9,0.7
2020/10/17 03:30:00,4.09,6.96,50.63,0.19,1.57,2.2,4.3
2020/10/17 04:00:00,,,,,,7,1.2
2020/10/17 04:30:00,10.48,16.03,47,0.13,0,4.2,5.3
2020/10/17 05:00:00,18.88,27.08,40.47,0.16,0,10.4,0.7
2020/10/17 05:30:00,17.19,28.46,41.95,0.14,0,5.3,4.3
2020/10/17 06:00:00,12.41,17.44,47.28,0.14,0,5.7,1.8
2020/10/17 06:30:00,24.52,42.8,36.66,0.21,0,9.1,3.9
2020/10/17 07:00:00,32.8,58.6,30.08,0.25,0,16.3,5.3
2020/10/17 07:30:00,39.32,75.45,27.8,0.24,0,13.8,3.5
2020/10/17 08:00:00,26.6,52.17,39.22,0.18,0,15.3,6.2
2020/10/17 08:30:00,32.97,68.43,35.28,0.23,0,10.1,1.7
2020/10/17 09:00:00,46.28,98.57,31.63,0.34,0,10.9,6.7
2020/10/17 09:30:00,34.14,77.13,39.93,0.25,0,14,2.4
2020/10/17 10:00:00,40.95,108.5,36.96,0.37,0,13.4,6.4
2020/10/17 10:30:00,40.09,96.33,42.85,0.21,0,11.9,4.9
2020/10/17 11:00:00,37.85,81.57,44.58,0.25,0,15.5,4.4
2020/10/17 11:30:00,48.9,113.55,34.59,0.4,0,14.5,5.6
2020/10/17 12:00:00,38.63,81.8,40.87,0.31,0,8.4,4
2020/10/17 12:30:00,39.21,93.37,43.65,0.32,0,9.4,3.8
2020/10/17 13:00:00,54.12,117.24,34.21,0.44,0,11,4.8
2020/10/17 13:30:00,39.3,80.96,46.08,0.28,0,10.2,3.4
2020/10/17 14:00:00,41.04,95.13,44.66,0.31,0,9.8,3.1
2020/10/17 14:30:00,43.05,88.05,41.43,0.32,0,11.6,3.8
2020/10/17 15:00:00,38.31,77.36,42.07,0.24,0,11.4,4.3
2020/10/17 15:30:00,40.28,83.25,38.98,0.26,0,13.6,4.9
2020/10/17 16:00:00,46.93,107.87,35.3,0.48,0,17.1,5.9
2020/10/17 16:30:00,41.96,92.09,39.49,0.38,0,17.3,6.5
2020/10/17 17:00:00,46.55,95.59,35.16,0.4,0,17.7,6.8
2020/10/17 17:30:00,53.93,120.58,26.18,0.39,0,24.6,11.2
2020/10/17 18:00:00,49.92,104.25,23.29,0.37,1.38,27.9,6.6
2020/10/17 18:30:00,47.3,86.41,25.33,0.31,0.11,25,9.7
2020/10/17 19:00:00,46.4,81.11,26.06,0.29,0,20.8,6.9
2020/10/17 19:30:00,34.56,63.4,36.6,0.3,1.28,33.6,6.2
2020/10/17 20:00:00,24.06,47.1,40.07,0.22,0,18.6,7.8
2020/10/17 20:30:00,26.43,52.69,34.88,0.26,0,15.4,4.6
2020/10/17 21:00:00,37.35,76.77,28.4,0.33,2.26,19.5,2.4
2020/10/17 21:30:00,27.96,52.92,31.27,0.28,0,19.5,7.1
2020/10/17 22:00:00,27.08,49.38,32.07,0.19,0,11.1,4.8
2020/10/17 22:30:00,19.79,34.46,36.28,0.24,1.49,12.2,0.3
2020/10/17 23:00:00,26.11,40.28,34.98,0.21,0,5.6,6
2020/10/17 23:30:00,14.75,25.99,43.71,0.17,0,7,4
2020/10/18 00:00:00,7.04,10.46,55.38,0.21,0,13.9,0
2020/10/18 00:30:00,7.06,10.92,67.45,0.24,0,0,3.9
2020/10/18 01:00:00,2.95,4.28,69.39,0.15,0,5.4,1.9
2020/10/18 01:30:00,4.55,5.18,67.77,0.17,0.98,6.3,0.3
2020/10/18 02:00:00,4.34,5.81,,0.15,0,2.6,4
2020/10/18 02:30:00,4.09,5.57,68.61,0.17,0,25.2,0.1
2020/10/18 03:00:00,2.89,2.93,69.69,0.15,0,0,4.8
2020/10/18 03:30:00,3.31,3.79,67.12,0.13,0,17.9,3.6
2020/10/18 04:00:00,5.39,7.11,62.01,0.16,1.6,12.3,2.3
2020/10/18 04:30:00,8.2,10.69,58.17,0.14,0,0,6.1
2020/10/18 05:00:00,,,,,,29.1,1.3
2020/10/18 05:30:00,9.01,12.28,55.08,0.16,0,0,6.2
2020/10/18 06:00:00,8.7,12.05,52.17,0.16,0,31.1,2.7
2020/10/18 06:30:00,9.75,15.51,48.4,0.17,0,0,8.3
2020/10/18 07:00:00,13.66,23.33,41.69,0.18,0,21.5,6.5
2020/10/18 07:30:00,10.75,20.56,43.25,0.17,0.29,0,5.8
2020/10/18 08:00:00,15.7,30.77,41.45,0.18,0,13,5.6
2020/10/18 08:30:00,18.78,36.89,40.79,0.21,0,3.6,5.3
2020/10/18 09:00:00,16.1,34.65,41.83,0.18,0,11.7,6.7
2020/10/18 09:30:00,20.48,44.16,41.39,0.22,0,14.9,3.2
2020/10/18 10:00:00,20.27,42.23,46.42,0.18,0,15.7,7.3
2020/10/18 10:30:00,17.65,38.21,50.71,0.19,0,11.4,5.2
2020/10/18 11:00:00,26.95,67.22,49.23,0.17,0,10.2,4.3
2020/10/18 11:30:00,30.91,67.4,47.04,0.21,0,9.4,3.8
2020/10/18 12:00:00,27,63.8,48.85,0.18,0,11.6,4.2
2020/10/18 12:30:00,31.59,65.54,50.45,0.24,0,12,4
2020/10/18 13:00:00,28.19,59.63,50.61,0.22,0,11.9,4.7
2020/10/18 13:30:00,21.59,48.94,55.48,0.17,0,12.2,3.7
2020/10/18 14:00:00,22.85,47.51,55.16,0.17,0,10.9,4.7
2020/10/18 14:30:00,20.43,36.05,57.82,0.17,0,9.2,3.9
2020/10/18 15:00:00,31.08,64.59,48.68,0.23,0,12,4.5
2020/10/18 15:30:00,36.51,83.54,43.95,0.34,0,13.8,6
2020/10/18 16:00:00,50.36,100.46,38.78,0.31,0,18.8,7
2020/10/18 16:30:00,49.86,97.65,35.18,0.38,0,19.6,7.2
2020/10/18 17:00:00,47.83,107.04,37.28,0.32,0,18.1,7.3
2020/10/18 17:30:00,60.01,142.06,25.33,0.45,1.28,25.3,6.3
2020/10/18 18:00:00,46.72,99.91,30.51,0.39,0,23.1,12.6
2020/10/18 18:30:00,60.4,119.97,19.56,0.33,0,25.1,10.6
2020/10/18 19:00:00,75.83,149.94,4.91,0.49,1.92,26.5,10.3
2020/10/18 19:30:00,45.8,83.9,24.99,0.33,0,21.3,12.1
2020/10/18 20:00:00,41.6,79.94,27.76,0.33,0,15.1,3.5
2020/10/18 20:30:00,28.59,51.43,34.86,0.25,0,14.3,7.8
2020/10/18 21:00:00,26.76,52.77,33.75,0.36,0,8.7,3.2
2020/10/18 21:30:00,20.66,38.36,36.58,0.22,0,16.7,8.4
2020/10/18 22:00:00,23.7,49.4,31.55,0.26,0,12,4.3
2020/10/18 22:30:00,17.84,29.87,36.52,0.17,0,6.8,5
2020/10/18 23:00:00,34.2,59.08,23.97,0.19,0,16.8,6.7
2020/10/18 23:30:00,45.8,64.22,12.59,0.19,0,12.8,6.2
2020/10/19 00:00:00,52.36,74.03,8.12,0.19,0,10.3,7.3
2020/10/19 00:30:00,36.53,45.77,21.37,0.18,0,17.3,6.4
2020/10/19 01:00:00,22.4,30.39,33.03,0.17,0,13.9,3.6
2020/10/19 01:30:00,38.38,51.58,17.2,0.17,0,10.3,8
2020/10/19 02:00:00,57.09,89.5,6.11,0.22,0,13.5,4.6
2020/10/19 02:30:00,28.73,45.19,28.78,0.17,0,14.5,6.8
2020/10/19 03:00:00,9.16,10.94,,0.17,0,16.2,4.9
2020/10/19 03:30:00,25.09,37.6,29.44,0.17,0,14.3,4.3
2020/10/19 04:00:00,40.97,64.57,17.86,0.18,0,24.5,8.3
2020/10/19 04:30:00,44.92,98,18.6,0.34,0,53,5.6
2020/10/19 05:00:00,46.95,125.52,14.71,0.32,0,43.4,9.3
2020/10/19 05:30:00,70.61,183.29,10,0.33,0,44,7
2020/10/19 06:00:00,,,,,,37.5,7.9
2020/10/19 06:30:00,111.86,289.82,2.18,0.52,0,31.6,9.1
2020/10/19 07:00:00,83.6,292.57,1.72,0.53,0,42.6,11.2
2020/10/19 07:30:00,89.49,273.03,3.11,0.55,0,47.2,9.5
2020/10/19 08:00:00,69.63,208.04,6.31,0.41,0,40.1,9.3
2020/10/19 08:30:00,72.89,217.91,6.27,0.4,0,63.4,13.9
2020/10/19 09:00:00,63.84,196.99,9.54,0.38,0,57.4,8.2
2020/10/19 09:30:00,48.65,114.77,21.75,0.28,0,40.2,11.9
2020/10/19 10:00:00,32.53,80.13,,0.26,0,32.5,7.9
2020/10/19 10:30:00,25.28,59.82,,0.23,0,37.6,6.5
2020/10/19 11:00:00,31.4,74.15,,0.26,0,53.8,7.8
2020/10/19 11:30:00,22.17,48.12,51.09,0.17,0,27.4,5.6
2020/10/19 12:00:00,17.65,37.68,58.67,0.18,0,29.3,6
2020/10/19 12:30:00,26.09,52.94,53.17,0.22,0,21.4,6.2
2020/10/19 13:00:00,24.38,53.76,53.58,0.22,0,19.8,5.8
2020/10/19 13:30:00,38.46,87.34,47.68,0.28,0,21.8,5.9
2020/10/19 14:00:00,36.49,68.72,49.05,0.24,0,17.5,5.8
2020/10/19 14:30:00,41.31,83.98,47.82,0.29,0,20.5,5.7
2020/10/19 15:00:00,33.05,56.06,48.52,0.24,0,17,5.3
2020/10/19 15:30:00,39.32,73.54,43.85,0.26,0,22.2,7.1
2020/10/19 16:00:00,48.33,99.11,40.05,0.33,0,29.6,8.8
2020/10/19 16:30:00,49.65,96.22,36.52,0.32,0,31.8,10.1
2020/10/19 17:00:00,57.91,115.02,29.96,0.4,0,33.4,8.2
2020/10/19 17:30:00,77.42,168.82,13.73,0.5,0,44.4,11.4
2020/10/19 18:00:00,85.18,167.86,6.91,0.45,1.7,40,12.3
2020/10/19 18:30:00,76.54,144.09,11.79,0.46,0,39.1,15.8
2020/10/19 19:00:00,88.61,179.58,5.99,0.52,0,42.1,11.9
2020/10/19 19:30:00,88.72,194.62,3.47,0.58,1.6,51.6,15.1
2020/10/19 20:00:00,88.24,237.3,2.67,0.76,0,54.4,15.2
2020/10/19 20:30:00,89.31,229.81,1.22,0.77,0,38.6,7.7
2020/10/19 21:00:00,86.66,274.41,0.58,0.72,0,56.2,15.2
2020/10/19 21:30:00,64.32,127.33,9.56,0.58,0.08,24.2,4.5
2020/10/19 22:00:00,56.34,115.27,11.63,0.42,0,25.7,10.8
2020/10/19 22:30:00,49.42,65.68,15.15,0.37,0,19.7,5.1
2020/10/19 23:00:00,49.21,62.16,19.02,0.3,0,12.3,7.1
2020/10/19 23:30:00,15.53,17.31,46.46,0.22,0,5.3,6.8
2020/10/20 00:00:00,16.73,17.69,43.31,0.24,0,5.8,0.9
2020/10/20 00:30:00,15.17,16.93,43.77,0.26,0,5.4,6.9
2020/10/20 01:00:00,15.24,17.04,,0.24,0,7,4.8
2020/10/20 01:30:00,22.32,24.54,29.96,0.26,0.53,9,3.6
2020/10/20 02:00:00,25.46,28.42,29.92,0.24,0,4.8,8.2
2020/10/20 02:30:00,19.09,21.69,34.23,0.23,0,7.5,4.3
2020/10/20 03:00:00,22.93,26.55,31.11,0.26,2.31,9.9,3.6
2020/10/20 03:30:00,16.31,21.94,37.9,0.24,0,4.9,7.7
2020/10/20 04:00:00,,,,,,9.3,3.9
2020/10/20 04:30:00,21.55,34.41,36.38,0.24,5.14,11.6,5.6
2020/10/20 05:00:00,27.6,44.04,33.79,0.24,0.93,9.8,8.5
2020/10/20 05:30:00,44.33,87.34,23.71,0.28,1.46,14.9,7.8
2020/10/20 06:00:00,41.92,78.43,19.44,0.34,5.08,17.6,5.7
2020/10/20 06:30:00,49.97,118.23,16.19,0.4,3.25,18.1,11.8
2020/10/20 07:00:00,44.81,82.52,23.35,0.34,0,18.8,8.8
2020/10/20 07:30:00,32.76,70.17,30.45,0.33,5.38,21.3,4.7
2020/10/20 08:00:00,25.88,48.73,32.71,0.29,2.26,22.2,10.6
2020/10/20 08:30:00,31.77,58.14,33.57,0.25,0,22,7.8
2020/10/20 09:00:00,35.73,66.38,39.67,0.19,1.92,39.3,7.2
2020/10/20 09:30:00,27.65,50.91,48.12,0.17,2.74,19.4,6.2
2020/10/20 10:00:00,24.27,44.6,51.07,0.16,2.95,26.3,6.2
2020/10/20 10:30:00,20.23,35.95,54.62,0.15,3.94,15.6,2.8
2020/10/20 11:00:00,2.68,60.38,51.65,0.21,5.24,27.3,9
2020/10/20 11:30:00,21.75,40.33,52.81,0.18,0.69,23,9.6
2020/10/20 12:00:00,18.42,33.91,54.54,0.17,1.62,19.8,6.2
2020/10/20 12:30:00,24.25,45.77,51.95,0.19,2.53,24.1,7.4
2020/10/20 13:00:00,22.97,42.61,50.65,0.22,2.82,19.9,7
2020/10/20 13:30:00,24.96,46.19,48.66,0.25,4.02,25.8,4
2020/10/20 14:00:00,27.77,53.36,45.92,0.28,4.18,13,10.6
2020/10/20 14:30:00,30.79,64.89,40.81,0.28,1.09,21.3,9.9
2020/10/20 15:00:00,26.91,52.1,41.43,0.3,2.16,19.5,8.6
2020/10/20 15:30:00,23.29,40.28,42.31,0.24,2.47,19,9.9
2020/10/20 16:00:00,18.34,31.33,46.48,0.24,2.29,15.4,8.1
2020/10/20 16:30:00,22.57,38.54,41.63,0.26,3.38,27.3,9
2020/10/20 17:00:00,20.44,32.47,40.13,0.25,5.06,9.6,9.4
2020/10/20 17:30:00,17.58,28.99,39.55,0.24,1.3,15.2,9.5
2020/10/20 18:00:00,18.44,31,36.8,0.26,1.46,14,8.4
2020/10/20 18:30:00,20.25,33.56,33.55,0.29,5.51,31.8,7.3
2020/10/20 19:00:00,24.46,38.71,30.99,0.31,2.85,10.1,13.7
2020/10/20 19:30:00,16.58,23.45,35.86,0.26,0.96,21.3,10.5
2020/10/20 20:00:00,19.93,28.78,33.71,0.28,3.83,35.7,5.7
2020/10/20 20:30:00,20.81,31.98,29.72,0.29,3.51,0,11.8
2020/10/20 21:00:00,20.46,29.22,28.18,0.26,0.61,14.1,9.8
2020/10/20 21:30:00,19.56,28.76,26.96,0.29,3.27,37.9,7.7
2020/10/20 22:00:00,18.59,23.12,26.88,0.29,3.22,0,11.7
2020/10/20 22:30:00,17.27,21.76,27.68,0.28,0.4,10.7,10.7
2020/10/20 23:00:00,16.98,20.52,26.32,0.29,3.78,33.6,5.2
2020/10/20 23:30:00,17.59,21.32,25.51,0.29,2.69,0,12.8
2020/10/21 00:00:00,14.92,16.49,26.92,0.28,0.29,9.3,9.9
2020/10/21 00:30:00,14.57,17.33,25.27,0.29,2.18,15.7,9.5
2020/10/21 01:00:00,20.2,30.06,20.82,0.29,3.88,38.1,7.4
2020/10/21 01:30:00,26.95,34.12,13.55,0.29,3.91,0,12.4
2020/10/21 02:00:00,24.21,30.54,,0.29,0.77,11.9,12.3
2020/10/21 02:30:00,20.46,25.55,18.54,0.29,2.13,22.4,12.5
2020/10/21 03:00:00,24.82,35.82,13.55,0.28,2.69,22.2,11.5
2020/10/21 03:30:00,29.18,44.06,10.28,0.28,2.82,21.8,12.2
2020/10/21 04:00:00,31.33,51.04,7.92,0.3,2.85,19.5,11.8
2020/10/21 04:30:00,34.67,72.31,6.27,0.34,2.42,23.8,13.3
2020/10/21 05:00:00,,,,,,23.9,12.5
2020/10/21 05:30:00,38.84,93.29,2.89,0.3,0.72,23.9,12.5
2020/10/21 06:00:00,43.17,114.21,1.04,0.34,0.8,35.3,13.9
2020/10/21 06:30:00,40.85,100.81,3.41,0.33,0.96,33.8,15
2020/10/21 07:00:00,35.53,80.63,5.67,0.3,0.8,34.6,13.9
2020/10/21 07:30:00,35.08,83.67,6.87,0.29,0.88,36.7,14.5
2020/10/21 08:00:00,34.6,82.24,7.24,0.25,0.48,33.8,14.9
2020/10/21 08:30:00,40.45,100.04,7.24,0.26,0.61,33.5,14.5
2020/10/21 09:00:00,32.3,81.42,8.36,0.23,0.88,31.1,14.3
2020/10/21 09:30:00,33.53,88.53,10,0.24,0.85,37.3,14.7
2020/10/21 10:00:00,33.95,82.39,10.72,0.19,0.96,38.1,14.4
2020/10/21 10:30:00,34.1,77.48,10.96,0.23,0.51,31.2,13
2020/10/21 11:00:00,38.73,98.93,10.3,0.26,0.8,27.7,12.2
2020/10/21 11:30:00,30.33,71.03,13.61,0.23,0.8,22.3,10.1
2020/10/21 12:00:00,33.49,83.08,11.81,0.22,0.82,20.3,9.4
2020/10/21 12:30:00,35.74,90.98,11.73,0.26,0.88,20.4,9.4
2020/10/21 13:00:00,34.08,80.63,14.21,0.3,0.93,18.8,8.9
2020/10/21 13:30:00,34.94,80.19,14.21,0.29,1.09,16.3,9.1
2020/10/21 14:00:00,31.67,61.3,17.04,0.26,0.75,12.3,7.2
2020/10/21 14:30:00,29.28,66.82,19.28,0.29,0.9,12.4,6.6
2020/10/21 15:00:00,28.94,50.49,23.61,0.23,0.77,9.2,5.2
2020/10/21 15:30:00,24.37,47.09,25.68,0.25,0.64,10.4,4.9
2020/10/21 16:00:00,30.37,54.1,27.22,0.26,0.8,16.3,7.1
2020/10/21 16:30:00,31.77,60.66,31.35,0.3,0.98,13.8,7.1
2020/10/21 17:00:00,22.36,37.64,36.72,0.24,0.67,10.5,5.2
2020/10/21 17:30:00,21.32,31.04,34.69,0.19,0.64,10.1,6.3
2020/10/21 18:00:00,20.66,27.85,27.32,0.22,0.75,10.9,8
2020/10/21 18:30:00,18.17,28.17,26.26,0.21,0.61,14.7,8.4
2020/10/21 19:00:00,20.64,32.97,25.8,0.21,0.9,14.1,7.5
2020/10/21 19:30:00,18.44,27.29,26.34,0.19,1.09,15,8.2
2020/10/21 20:00:00,21.9,37.26,25.64,0.25,0.9,16,7.7
2020/10/21 20:30:00,15.97,23.68,29.78,0.23,0.77,13.1,6.8
2020/10/21 21:00:00,20.56,29.22,29.1,0.23,0.96,13.4,7.3
2020/10/21 21:30:00,19.11,26.53,31.13,0.24,1.12,15.4,7.2
2020/10/21 22:00:00,15.97,20.35,35.72,0.23,0.96,16.3,7.1
2020/10/21 22:30:00,12.64,14.25,40.19,0.21,1.01,17.7,7.6
2020/10/21 23:00:00,10.27,11.48,44.7,0.23,1.28,17.7,7.3
2020/10/21 23:30:00,11.95,13.27,46.46,0.19,0.8,20.4,8
2020/10/22 00:00:00,12.89,13.87,48.95,0.21,0.88,21.1,8.1
2020/10/22 00:30:00,15.91,17.92,48.16,0.19,0.82,20.2,7.7
2020/10/22 01:00:00,13.1,14.36,50.11,0.16,1.12,25.5,9.4
2020/10/22 01:30:00,10.84,12.16,50.71,0.11,1.2,12.5,6.1
2020/10/22 02:00:00,9.52,11.38,51.85,0.13,1.28,12.8,6.5
2020/10/22 02:30:00,7.88,8.53,52.31,0.11,1.3,7.7,4.2
2020/10/22 03:00:00,7.02,9.2,,0.13,1.33,9.2,4.3
2020/10/22 03:30:00,7.86,11.28,46.12,0.13,1.14,7.9,5.1
2020/10/22 04:00:00,10,14.32,44.05,0.14,1.01,7.2,5.6
2020/10/22 04:30:00,10.71,17.12,44.01,0.19,1.09,9.1,6
2020/10/22 05:00:00,10.44,18.88,41.43,0.21,0.93,14.2,6.3
2020/10/22 05:30:00,22.66,48.14,36.3,0.23,0.96,11.2,7.6
2020/10/22 06:00:00,,,,,,7.6,7.4
2020/10/22 06:30:00,24.73,53.53,39.12,0.19,0.59,6.5,9
2020/10/22 07:00:00,18.86,43.17,47.28,0.16,0.56,10.1,8.3
2020/10/22 07:30:00,31.29,63.02,47.58,0.16,0.45,15.7,8.5
2020/10/22 08:00:00,33.14,64.01,48.12,0.15,0.48,23.6,9.9
2020/10/22 08:30:00,46.7,90.16,35.26,0.13,0.69,22.9,10.2
2020/10/22 09:00:00,46.09,106.87,28.38,0.15,0.51,20.2,9.6
2020/10/22 09:30:00,42.38,94.32,30.14,0.1,0.29,19.8,9.5
2020/10/22 10:00:00,34.23,77.02,33.33,0.1,0.43,20.2,9.4
2020/10/22 10:30:00,30.37,71.3,37.64,0.1,0.51,18.8,9.1
2020/10/22 11:00:00,23.98,59.23,42.17,0.09,0.72,17.7,9.1
2020/10/22 11:30:00,24.08,49.25,45.78,0.09,0.45,18.8,8.4
2020/10/22 12:00:00,24.33,54.12,47.52,0.11,0.35,23.2,8.2
2020/10/22 12:30:00,26.16,57.51,48.95,0.19,0.27,19.9,7.1
2020/10/22 13:00:00,29.91,61.62,51.63,0.21,0.16,29.7,7.8
2020/10/22 13:30:00,35.55,69.39,47.18,0.19,0.59,28.5,8.8
2020/10/22 14:00:00,40.47,76.9,43.37,0.23,0.4,26,9.1
2020/10/22 14:30:00,54.58,103.22,45.8,0.23,0.03,26.4,8.7
2020/10/22 15:00:00,34.86,69.1,46.9,0.23,0.05,23.3,8.8
2020/10/22 15:30:00,39.32,78.05,44.03,0.29,0.4,22.8,8.6
2020/10/22 16:00:00,34.18,58.06,45.42,0.21,0.27,26.2,10
2020/10/22 16:30:00,25.15,42.51,50.13,0.21,0.27,26.9,9
2020/10/22 17:00:00,23.81,43.01,50.07,0.18,0.08,24.2,9.1
2020/10/22 17:30:00,29.32,48.16,47.84,0.18,0,23.6,9.1
2020/10/22 18:00:00,32.15,52.17,44.94,0.18,0,21.1,7.5
2020/10/22 18:30:00,23.83,37.27,48.91,0.14,0.19,18,7.4
2020/10/22 19:00:00,31.21,49.15,45.54,0.17,0.48,18,6.8
2020/10/22 19:30:00,21.25,31.67,51.99,0.14,0.4,16.7,7
2020/10/22 20:00:00,27.75,45.75,45.14,0.19,0.11,19,8.1
2020/10/22 20:30:00,16.68,28.17,56.12,0.15,0,15.7,6.5
2020/10/22 21:00:00,21.55,35.88,52.69,0.17,0.35,15.4,5.7
2020/10/22 21:30:00,16.16,27.64,55.46,0.13,0.13,12.2,5.4
2020/10/22 22:00:00,24.96,36.78,49.15,0.14,0.27,14,6.7
2020/10/22 22:30:00,17.65,23.12,51.53,0.11,0.69,14.6,5.8
2020/10/22 23:00:00,17.94,22.97,48.46,0.13,0.51,14.9,6.7
2020/10/22 23:30:00,15.76,19.81,47.68,0.1,0.35,15.6,7.1
2020/10/23 00:00:00,11.86,15.91,48.04,0.09,0,10.3,6.5
2020/10/23 00:30:00,9.01,12.05,52.75,0.1,0.08,9.2,5
2020/10/23 01:00:00,7.13,9.81,,0.09,0,8.7,4.6
2020/10/23 01:30:00,9.89,15.59,51.15,0.11,1.17,27.8,2
2020/10/23 02:00:00,10.77,14.1,50.17,0.14,1.46,0,7
2020/10/23 02:30:00,11.38,15.2,50.31,0.1,0,12.9,6.7
2020/10/23 03:00:00,9.6,15.45,50.71,0.09,0,11.3,4.7
2020/10/23 03:30:00,24.65,35.27,36.42,0.14,3.14,31.8,2.9
2020/10/23 04:00:00,,,,,,0,8.4
2020/10/23 04:30:00,33.22,53.34,34.23,0.21,0,26.4,5.1
2020/10/23 05:00:00,34.06,61.77,33.45,0.26,2.85,14.6,5.8
2020/10/23 05:30:00,33.51,77.86,34.55,0.26,0,11.9,9.2
2020/10/23 06:00:00,35.94,78.43,28.76,0.25,0,21.9,8.3
2020/10/23 06:30:00,47.35,116.24,21.63,0.34,2.37,34.7,5.6
2020/10/23 07:00:00,50.8,115.44,19.42,0.37,1.36,2,10.5
2020/10/23 07:30:00,40.26,97.88,25.86,0.3,0,22.8,8.9
2020/10/23 08:00:00,47.81,103.06,23.03,0.25,0,20.4,9.4
2020/10/23 08:30:00,35.19,95.11,24.73,0.28,1.12,19.8,6.5
2020/10/23 09:00:00,36.82,89.47,27.02,0.33,2.82,12.2,7.3
2020/10/23 09:30:00,38.61,95.2,27.26,0.29,0,33.3,10.7
2020/10/23 10:00:00,41.39,106.37,24.71,0.32,0,35.4,9.2
2020/10/23 10:30:00,43.72,102.03,31.73,0.3,0.29,19.1,7.2
2020/10/23 11:00:00,44.85,109.87,32.99,0.29,0.61,13,7.6
2020/10/23 11:30:00,48.81,123.18,26.1,0.33,0.98,14.5,7
2020/10/23 12:00:00,45.84,97.44,24.01,0.32,0.72,14.1,7.1
2020/10/23 12:30:00,31.8,86.14,32.01,0.32,0.72,13.6,7
2020/10/23 13:00:00,35.3,80.04,33.87,0.3,1.06,16,7.8
2020/10/23 13:30:00,29.61,71.11,36.8,0.36,0.96,12.6,6.3
2020/10/23 14:00:00,40.43,89.03,33.53,0.38,0.67,15.4,6.8
2020/10/23 14:30:00,34,67.17,34.07,0.32,0.64,17.5,7
2020/10/23 15:00:00,32.8,72.6,36.3,0.33,0.61,21.3,7.2
2020/10/23 15:30:00,36.38,72.12,33.95,0.39,0.43,21.6,7.3
2020/10/23 16:00:00,39.26,73.17,26.2,0.42,0.45,28.9,8.9
2020/10/23 16:30:00,48.21,105.93,17.74,0.45,0.88,36,11.8
2020/10/23 17:00:00,65.5,133.3,9.1,0.41,0.98,34.4,11.6
2020/10/23 17:30:00,43.97,76.46,18.1,0.32,0.8,24.3,10
2020/10/23 18:00:00,50.07,91.11,21.47,0.32,0.45,31.3,11.6
2020/10/23 18:30:00,42.08,80.59,21.47,0.32,0.35,30.1,11.8
2020/10/23 19:00:00,44.92,77.93,18.9,0.34,0.82,20.7,8.1
2020/10/23 19:30:00,47.35,81.99,17.36,0.33,0.8,25.2,9.3
2020/10/23 20:00:00,52.38,85.24,14.65,0.36,0.88,23.6,6.5
2020/10/23 20:30:00,66.61,137.68,5.33,0.45,3.88,32.9,10.6
2020/10/23 21:00:00,53.01,95.36,14.25,0.37,0,23.6,10.5
2020/10/23 21:30:00,49.61,91.59,11.46,0.3,0,21.6,8.1
2020/10/23 22:00:00,40.58,59.19,18.72,0.26,1.81,26.7,5.2
2020/10/23 22:30:00,24.37,33.51,31.11,0.26,1.09,2.8,8.7
2020/10/23 23:00:00,15.59,23.24,36.14,0.21,0,14.8,6.7
2020/10/23 23:30:00,14.61,18.25,39.24,0.25,1.28,21.9,1.5
2020/10/24 00:00:00,15.59,18.49,40.41,0.22,0.85,0,8.4
2020/10/24 00:30:00,21.57,25.53,33.87,0.21,0,17.9,7.7
2020/10/24 01:00:00,16.2,18.07,36.82,0.22,0,9.4,5.9
2020/10/24 01:30:00,15.61,18.8,40.69,0.24,3.7,22.2,3.1
2020/10/24 02:00:00,,,,,,0,10.1
2020/10/24 02:30:00,12.32,15.76,35.6,0.22,0,15.2,8.2
2020/10/24 03:00:00,13.16,16.89,32.35,0.21,0.45,13.8,8.9
2020/10/24 03:30:00,21.52,28.92,26.8,0.22,0.56,15.5,9.5
2020/10/24 04:00:00,14.21,17.71,26.92,0.23,0.9,16.3,10.3
2020/10/24 04:30:00,18.88,26.05,23.83,0.21,1.01,19.1,12.3
2020/10/24 05:00:00,,,,,,15.5,10.5
2020/10/24 05:30:00,14.69,24.35,25.64,0.24,0.05,15.1,11
2020/10/24 06:00:00,24.06,42.23,22.07,0.26,0,16.7,11
2020/10/24 06:30:00,27.46,53.13,19.1,0.26,0,14.7,10.5
2020/10/24 07:00:00,27.37,49.4,21.11,0.37,0.35,14.8,9.7
2020/10/24 07:30:00,31.61,59.42,20.58,0.25,0.16,16.6,9.1
2020/10/24 08:00:00,31.15,59.17,25.07,0.26,0.16,15.1,9.7
2020/10/24 08:30:00,27.5,47.95,31.59,0.22,0.13,11,6.9
2020/10/24 09:00:00,28.46,51.48,39.08,0.26,0.32,7.4,5
2020/10/24 09:30:00,31.96,70.23,36.2,0.29,0.05,12.3,6.4
2020/10/24 10:00:00,27.33,65.41,40.05,0.4,0.16,11.5,7.1
2020/10/24 10:30:00,25.07,50.93,46.2,0.3,0.32,11.2,6.1
2020/10/24 11:00:00,17,41.18,50.37,0.25,0.59,14.3,7.1
2020/10/24 11:30:00,15.47,34.69,51.81,0.26,0.32,15,7.3
2020/10/24 12:00:00,17.38,35.34,51.99,0.25,0.29,17.1,7.5
2020/10/24 12:30:00,20.48,44.71,50.23,0.3,0.4,16.1,8.5
2020/10/24 13:00:00,21.38,54.62,49.41,0.26,0.21,19,8
2020/10/24 13:30:00,21.94,52.5,49.91,0.3,0,18.6,7.1
2020/10/24 14:00:00,26.12,56.32,50.01,0.26,0,17.8,7.7
2020/10/24 14:30:00,16.08,33.66,58.53,0.21,0,16.5,5.7
2020/10/24 15:00:00,33.18,72.89,46.42,0.41,0,21.3,8.2
2020/10/24 15:30:00,38.54,81.17,42.97,0.33,0,22,8.7
2020/10/24 16:00:00,55.54,116.8,27.68,0.36,0,28.9,11
2020/10/24 16:30:00,36.97,63,41.19,0.36,0,24.1,8.9
2020/10/24 17:00:00,38.84,63.97,40.79,0.25,0,20.3,7.8
2020/10/24 17:30:00,38.35,72.87,36,0.29,0,23.9,9.2
2020/10/24 18:00:00,23.16,40.03,43.47,0.28,0,21.7,8.7
2020/10/24 18:30:00,26.28,42.38,38.86,0.28,1.84,20,5.3
2020/10/24 19:00:00,27.2,41.33,41.13,0.26,0.77,16.5,10.9
2020/10/24 19:30:00,22.45,35.95,44.07,0.25,0,18.6,9
2020/10/24 20:00:00,28.44,45.59,41.79,0.29,0,18.1,7.9
2020/10/24 20:30:00,20.29,32.09,46.02,0.25,0,15.7,7.1
2020/10/24 21:00:00,22.53,36.99,44.86,0.31,0,10.5,4.9
2020/10/24 21:30:00,20.5,34,41.41,0.26,0,15.7,6.5
2020/10/24 22:00:00,14.88,20.92,39.14,0.22,0,13,7.4
2020/10/24 22:30:00,13.44,22.91,36,0.23,0,13.6,8.1
2020/10/24 23:00:00,11.65,18.13,36.7,0.22,0,11.5,7.4
2020/10/24 23:30:00,10.63,15.24,36.32,0.19,0,11.5,7.8
2020/10/25 00:00:00,9.28,14.02,39.91,0.18,0.27,8.3,5.5
2020/10/25 00:30:00,10.84,17.46,36.68,0.18,0.05,9.1,6.4
2020/10/25 01:00:00,8.2,10.63,37.88,0.18,0,8.8,5.2
2020/10/25 01:30:00,7.84,11.63,41.01,0.19,0.45,8.6,5.8
2020/10/25 02:00:00,6.66,9.39,44.52,0.17,0.16,6.7,3.8
2020/10/25 02:30:00,7.63,9.49,42.41,0.17,0.43,7.3,4.2
2020/10/25 03:00:00,8.49,10.37,,0.18,0.37,8.1,5
2020/10/25 03:30:00,10.81,12.3,38.46,0.17,0.29,7.2,4.7
2020/10/25 04:00:00,10.02,11.86,38.7,0.21,0.29,8.4,4.2
2020/10/25 04:30:00,9.68,11.44,40.71,0.22,0.05,9.4,5.2
2020/10/25 05:00:00,7.63,9.56,43.87,0.21,0.19,9.1,4.1
2020/10/25 05:30:00,7.31,10.44,43.81,0.22,0.21,7.7,3.8
2020/10/25 06:00:00,,,,,,11,5
2020/10/25 06:30:00,7.02,8.89,45.56,0.16,0.37,10,4.7
2020/10/25 07:00:00,7.11,7.96,45.04,0.16,0,8.6,4.6
2020/10/25 07:30:00,9.16,11.69,43.43,0.17,0,9.4,4.3
2020/10/25 08:00:00,8.87,12.18,43.79,0.18,0.37,8.9,4.5
2020/10/25 08:30:00,8.59,12.97,44.56,0.17,0.56,8.5,4.1
2020/10/25 09:00:00,11.21,17.9,46.5,0.16,1.01,8.8,3.7
2020/10/25 09:30:00,10.54,18.15,45.26,0.17,1.44,10,4.3
2020/10/25 10:00:00,11.72,19.14,46.02,0.17,1.52,9.7,4.3
2020/10/25 10:30:00,10.6,17.88,47.36,0.19,1.89,10.1,3.8
2020/10/25 11:00:00,15.45,26.87,46.78,0.21,2.08,12.4,6.3
2020/10/25 11:30:00,11.28,22.51,46.62,0.18,1.7,12.1,5.6
2020/10/25 12:00:00,13.79,28.78,44.12,0.21,1.6,10.8,5
2020/10/25 12:30:00,17.69,35.76,41.51,0.21,0.8,10.7,4.9
2020/10/25 13:00:00,18.95,37.68,40.45,0.22,0.61,13.5,4.4
2020/10/25 13:30:00,16.54,39.24,40.89,0.23,0.53,13.9,4
2020/10/25 14:00:00,19.76,41.75,38.02,0.22,0.45,15.2,5.8
2020/10/25 14:30:00,19.85,34.96,38.76,0.21,0.77,12,6
2020/10/25 15:00:00,17.77,33.09,40.77,0.28,0.72,14.1,7
2020/10/25 15:30:00,19.43,38.67,39.57,0.19,0.45,12.9,6.2
2020/10/25 16:00:00,24.17,45.15,37.4,0.25,0.32,12.2,6.3
2020/10/25 16:30:00,24.71,45.98,35.86,0.23,0.4,12.9,6.3
2020/10/25 17:00:00,26.09,53.57,32.93,0.23,1.25,15.1,7.6
2020/10/25 17:30:00,22.49,44.68,33.61,0.23,0.98,12.6,6.2
2020/10/25 18:00:00,24.21,41.71,32.41,0.18,1.76,12.7,7
2020/10/25 18:30:00,32.99,52.4,25.68,0.17,1.7,12.2,6.5
2020/10/25 19:00:00,25.02,43.99,35.66,0.21,0.82,4.1,5
2020/10/25 19:30:00,25.88,34.9,51.31,0.17,0.64,4.5,2.9
2020/10/25 20:00:00,43.68,69.33,38.68,0.25,0.56,11.5,7
2020/10/25 20:30:00,33.3,50.43,34.65,0.22,0.43,8.4,5.3
2020/10/25 21:00:00,18.3,31.63,36.14,0.18,0.4,8.5,4.3
2020/10/25 21:30:00,15.59,22.78,39.2,0.17,0.64,6,4.1
2020/10/25 22:00:00,12.7,18.84,39.1,0.18,0.59,6.1,3.9
2020/10/25 22:30:00,10.86,14.4,42.43,0.15,0.19,5.3,4
2020/10/25 23:00:00,11.38,14.75,40.25,0.15,0.37,5.7,4.4
2020/10/25 23:30:00,20,24.77,33.27,0.15,0.51,4.9,3.3
2020/10/26 00:00:00,20.27,25.11,32.81,0.15,0.29,6.4,5.9
2020/10/26 00:30:00,19.22,21.9,35,0.15,0.11,5.8,4.6
2020/10/26 01:00:00,20.81,24.33,,0.15,0.35,5.2,4.6
2020/10/26 01:30:00,18.86,25.13,32.61,0.16,0.11,6.3,5.5
2020/10/26 02:00:00,17.02,19.18,34.41,0.24,0.29,7.2,3.5
2020/10/26 02:30:00,7.46,8.53,39.24,0.16,0.37,5.9,4.4
2020/10/26 03:00:00,8.78,9.29,37,0.15,0.19,7.1,5.3
2020/10/26 03:30:00,5.83,6.1,40.95,0.15,0.35,4.2,3.3
2020/10/26 04:00:00,,,,,,5.1,2.4
2020/10/26 04:30:00,9.79,12.89,42.21,0.19,0.8,31.8,1.9
2020/10/26 05:00:00,13.23,18.32,38.18,0.22,2.26,4.7,6
2020/10/26 05:30:00,20.48,32.59,31.87,0.23,0,0,7.1
2020/10/26 06:00:00,32.86,51.94,24.37,0.29,0,4.6,6
2020/10/26 06:30:00,43.13,81.68,22.37,0.3,0.11,9.1,5.4
2020/10/26 07:00:00,51.6,127.93,16.11,0.38,1.68,41.1,4.8
2020/10/26 07:30:00,57.89,136.44,12.91,0.37,1.92,4,9.2
2020/10/26 08:00:00,53.91,112.99,15.55,0.34,0,4.1,9.6
2020/10/26 08:30:00,50.28,130.49,18.34,0.31,0,15.1,9.7
2020/10/26 09:00:00,43.13,75.56,24.25,0.26,0.32,11.3,6.3
2020/10/26 09:30:00,37.77,70.51,26.54,0.26,0.59,15,7.4
2020/10/26 10:00:00,39.59,72.56,24.67,0.26,0.51,16.1,7.4
2020/10/26 10:30:00,46.38,100.1,20.86,0.36,0.56,14.9,5.8
2020/10/26 11:00:00,46.05,102.3,17.14,0.31,0.77,19.2,5.2
2020/10/26 11:30:00,50.3,107.9,16.36,0.29,0.75,28.6,8.1
2020/10/26 12:00:00,39.42,75.85,20.24,0.29,0.85,17.8,6.2
2020/10/26 12:30:00,27.02,88.09,23.63,0.29,0.82,12.9,7.6
2020/10/26 13:00:00,38.54,74.8,19.32,0.29,0.48,11.9,5.5
2020/10/26 13:30:00,40.28,85.66,19.36,0.3,0.27,14.2,7.2
2020/10/26 14:00:00,39.63,95.49,18.64,0.31,0.72,13.8,7
2020/10/26 14:30:00,39,97.02,15.65,0.29,0.77,15.2,7.3
2020/10/26 15:00:00,38.71,79.92,14.33,0.29,0.8,13.6,8.3
2020/10/26 15:30:00,37.06,69.67,18.64,0.31,0.64,12.5,7
2020/10/26 16:00:00,31.75,63.4,20.26,0.31,0.64,14.2,8.7
2020/10/26 16:30:00,37.24,66.29,17.88,0.3,0.4,14,8.6
2020/10/26 17:00:00,34.79,64.24,18.28,0.3,0.77,13,7.5
2020/10/26 17:30:00,33.32,57.59,21.19,0.29,0.77,10.3,6.1
2020/10/26 18:00:00,33.6,54.26,27.74,0.31,0.61,9.6,7.1
2020/10/26 18:30:00,35.44,57.87,30.29,0.29,2.61,39.7,5.5
2020/10/26 19:00:00,23.18,36.36,35.96,0.28,1.7,0,5.6
2020/10/26 19:30:00,20.77,32.86,37.68,0.26,0,0.4,7.3
2020/10/26 20:00:00,19.85,30.29,38.6,0.23,0,7.8,6.3
2020/10/26 20:30:00,17.58,24.84,38.3,0.23,0.08,11.4,5.4
2020/10/26 21:00:00,19.3,29.76,34.81,0.28,3.33,34.4,3.3
2020/10/26 21:30:00,24.23,36.66,30.67,0.26,1.04,0,10.6
2020/10/26 22:00:00,23.16,35.38,31.17,0.24,0,2.8,6.6
2020/10/26 22:30:00,28.11,51.58,24.29,0.22,0,9.4,6.6
2020/10/26 23:00:00,28.92,44.64,24.03,0.23,0.69,30.1,6.4
2020/10/26 23:30:00,22.13,29.95,29.68,0.22,3.43,12.7,6
2020/10/27 00:00:00,23.22,29.53,26.1,0.22,0,0,9.3
2020/10/27 00:30:00,25.09,32.11,23.77,0.19,0,32.3,6
2020/10/27 01:00:00,23.22,32.59,25.74,0.23,2.42,4.1,8.1
2020/10/27 01:30:00,24.21,28.55,26.06,0.19,0,11.8,6.8
2020/10/27 02:00:00,23.29,27.62,,0.23,2.08,16.9,3.7
2020/10/27 02:30:00,22.17,25.34,27.98,0.21,0,0,8.8
2020/10/27 03:00:00,17.84,19.87,34.43,0.22,1.06,30,2.5
2020/10/27 03:30:00,21.86,25.51,33.43,0.19,0.75,0,7.2
2020/10/27 04:00:00,12.83,14.76,39.34,0.18,0,26.2,4.9
2020/10/27 04:30:00,19.6,22.74,34.07,0.19,2.63,6.5,4.3
2020/10/27 05:00:00,,,,,,8.2,8.4
2020/10/27 05:30:00,24.79,42.3,27.4,0.25,3.35,21.7,4.9
2020/10/27 06:00:00,29.03,45.71,26.16,0.25,1.41,0,9.2
2020/10/27 06:30:00,41.23,88.47,19.6,0.26,2.71,38.7,4.6
2020/10/27 07:00:00,33.43,69.9,21.21,0.25,2.37,0,11.3
2020/10/27 07:30:00,36.34,67.99,22.31,0.29,0.29,29.8,5.8
2020/10/27 08:00:00,30.35,51.91,24.15,0.26,3.83,9.2,6.5
2020/10/27 08:30:00,34.31,68.54,22.47,0.22,0.61,17.1,9.7
2020/10/27 09:00:00,36.51,73,22.33,0.24,2.18,38.1,6.2
2020/10/27 09:30:00,26.97,46.42,30.69,0.22,3.59,1.3,9.1
2020/10/27 10:00:00,37.1,69.92,28.44,0.22,0.37,0,0
2020/10/27 10:30:00,29.18,70.71,26.3,0.22,0.82,0,0
2020/10/27 11:00:00,30.56,58.77,28.18,0.25,4.71,0,0
2020/10/27 11:30:00,34.02,74.59,25.27,0.26,3.33,0,4.3
2020/10/27 12:00:00,29.24,58.1,32.17,0.23,0,45.5,1.7
2020/10/27 12:30:00,32.24,66.52,31.57,0.26,4.68,17.4,1.2
2020/10/27 13:00:00,30.43,64.34,30.41,0.26,1.68,15.1,5.8
2020/10/27 13:30:00,33.79,67.61,30.57,0.24,0.03,23.4,5.7
2020/10/27 14:00:00,39.78,76.29,28.9,0.28,3.88,19.1,1.5
2020/10/27 14:30:00,35.59,64.83,32.11,0.26,2.31,19.8,7.5
2020/10/27 15:00:00,38.52,80.48,28.86,0.3,0.11,25,6.4
2020/10/27 15:30:00,42.74,78.47,25.9,0.29,3.46,20.4,2.6
2020/10/27 16:00:00,36.74,61.85,24.99,0.26,2.93,13.5,7.7
2020/10/27 16:30:00,33.93,62.9,29.82,0.24,0,24.4,6.8
2020/10/27 17:00:00,34.71,59.69,31.21,0.26,3.22,26.7,3.6
2020/10/27 17:30:00,25.78,50.87,34.35,0.32,3.38,13.4,9.7
2020/10/27 18:00:00,21.55,35.95,39.12,0.26,0,19.9,6.2
2020/10/27 18:30:00,23.98,43.32,39.59,0.29,3.59,16.7,2.6
2020/10/27 19:00:00,21.94,39.13,39.69,0.26,2.66,12.6,8.1
2020/10/27 19:30:00,16.93,28.48,42.79,0.21,0,21.4,6.7
2020/10/27 20:00:00,15.36,29.15,42.73,0.24,3.33,17.1,1.8
2020/10/27 20:30:00,12.47,21.67,42.37,0.22,2.93,9.6,8.1
2020/10/27 21:00:00,15.91,25.97,39.89,0.18,0,13.1,4.7
2020/10/27 21:30:00,12.6,20.71,39.63,0.25,4.6,16.2,3.1
2020/10/27 22:00:00,11.38,18.03,40.29,0.23,1.3,9,6.3
2020/10/27 22:30:00,12.09,18.86,39.79,0.18,0,8.9,3.7
2020/10/27 23:00:00,13.23,22.97,38.48,0.23,4.55,14.4,0
2020/10/27 23:30:00,8.45,12.09,40.73,0.21,2.5,2,6.4
2020/10/28 00:00:00,10.77,16.1,40.47,0.17,0,12,3.8
2020/10/28 00:30:00,8.43,10.48,40.41,0.16,1.44,3.7,1.4
2020/10/28 01:00:00,6.37,8.45,41.27,0.21,5.19,13.2,0.5
2020/10/28 01:30:00,5.39,5.34,43.87,0.18,1.38,3.8,5.7
2020/10/28 02:00:00,5.45,5.87,44.42,0.17,0,10.6,3.5
2020/10/28 02:30:00,6.18,8.09,44.52,0.19,3.33,17.9,0
2020/10/28 03:00:00,6.02,6.22,,0.19,4.02,0,4.7
2020/10/28 03:30:00,8.43,10.1,41.15,0.16,0,10.4,4.9
2020/10/28 04:00:00,9.83,12.78,41.23,0.18,1.78,18.4,1.2
2020/10/28 04:30:00,8.13,10.16,42.57,0.21,3.46,1.8,5.5
2020/10/28 05:00:00,8.99,14.1,42.05,0.21,0,5.9,4.4
2020/10/28 05:30:00,12.3,22.62,38.38,0.23,4.12,13.7,0.3
2020/10/28 06:00:00,,,,,,0,5.8
2020/10/28 06:30:00,24.06,47.91,30.89,0.29,0,12.7,4.8
2020/10/28 07:00:00,31.63,57.11,25.19,0.24,1.28,16.2,1.5
2020/10/28 07:30:00,34,57.81,25.8,0.29,2.85,1.9,5.8
2020/10/28 08:00:00,29.8,63.76,25.05,0.29,0,11.2,6.9
2020/10/28 08:30:00,35.57,65.85,23.23,0.34,0.56,18.3,2.9
2020/10/28 09:00:00,35.52,84.26,21.93,0.28,1.44,7.5,8.5
2020/10/28 09:30:00,43.36,104.52,23.01,0.31,0,24.5,9.7
2020/10/28 10:00:00,39,84,25.23,0.24,0,18.3,7.6
2020/10/28 10:30:00,36.83,83.08,28.52,0.25,0.53,18.1,7.3
2020/10/28 11:00:00,29.91,72.1,35.06,0.24,0.93,23.3,7.8
2020/10/28 11:30:00,26.89,67.01,40.01,0.23,1.09,26.8,8.2
2020/10/28 12:00:00,26.41,56.06,43.97,0.21,0.77,40,8.5
2020/10/28 12:30:00,36.59,75.66,40.05,0.25,1.06,26.3,8.2
2020/10/28 13:00:00,31.27,57.11,41.13,0.19,0.51,27.9,7.7
2020/10/28 13:30:00,42.44,83.98,38.36,0.24,0.32,33.5,9.6
2020/10/28 14:00:00,39.28,85.24,36.72,0.23,0.27,30.7,9.5
2020/10/28 14:30:00,31.48,63.65,40.83,0.25,0.29,26,9
2020/10/28 15:00:00,50.18,86.43,33.05,0.24,0.64,29.7,10.9
2020/10/28 15:30:00,31.86,54.85,40.39,0.24,0.48,24,8.8
2020/10/28 16:00:00,44.03,75.01,28.02,0.26,0.21,25.1,8.8
2020/10/28 16:30:00,45.5,76.06,28.54,0.29,0.45,29.3,10
2020/10/28 17:00:00,34.62,61.79,31.37,0.29,0.93,24.2,7.6
2020/10/28 17:30:00,35.42,65.35,32.37,0.29,3.25,29.2,8.8
2020/10/28 18:00:00,21.42,36.74,42.85,0.24,0,23.7,8.9
2020/10/28 18:30:00,22.07,39.21,43.55,0.21,0,19.6,7.4
2020/10/28 19:00:00,24.92,34.96,42.55,0.21,0.11,14.6,5.9
2020/10/28 19:30:00,20.9,33.39,44.5,0.29,3.73,13.6,3.5
2020/10/28 20:00:00,17.73,25.68,44.62,0.23,0.48,20.1,9.6
2020/10/28 20:30:00,23.12,31.21,40.69,0.19,0,16.5,7
2020/10/28 21:00:00,28.17,36.82,37.76,0.18,0,13.3,6.2
2020/10/28 21:30:00,27.2,34.92,39.14,0.23,2.58,11.8,2.2
2020/10/28 22:00:00,20.83,28.29,41.23,0.22,2.47,10,7.1
2020/10/28 22:30:00,26.28,33.45,36.3,0.19,0,16.2,6.9
2020/10/28 23:00:00,27.23,35.17,35.3,0.18,0,12.8,6.1
2020/10/28 23:30:00,29.59,35.4,35.3,0.16,0.69,4.4,2.8
2020/10/29 00:00:00,24.86,28.46,40.97,0.18,2.53,7.6,4
2020/10/29 00:30:00,14.44,16.6,48.87,0.16,0,13.2,5.6
2020/10/29 01:00:00,11.61,12.91,,0.16,0,5.1,3.3
2020/10/29 01:30:00,9.77,10.86,48.91,0.19,2.71,10.1,4
2020/10/29 02:00:00,10.06,11.65,45.92,0.17,0,15.4,7.3
2020/10/29 02:30:00,9.7,10.54,44.62,0.16,0,11.5,5.6
2020/10/29 03:00:00,9.81,10.58,44.84,0.18,2.08,10.3,1.2
2020/10/29 03:30:00,9.47,13.6,42.89,0.23,2.31,3.5,6.3
2020/10/29 04:00:00,,,,,,14.7,6.6
2020/10/29 04:30:00,17.86,22.28,35.38,0.21,2.39,6.3,4.6
2020/10/29 05:00:00,18.15,22.91,35.88,0.22,6.97,10.5,3.6
2020/10/29 05:30:00,24.67,39.89,31.11,0.25,3.11,13.3,7.7
2020/10/29 06:00:00,27.39,46.97,28.52,0.26,3.7,16.7,2.4
2020/10/29 06:30:00,43.53,87.82,28.82,0.28,5.67,0.6,6.2
2020/10/29 07:00:00,70.19,137.24,14.07,0.46,1.3,16.1,7
2020/10/29 07:30:00,70,158.91,8.08,0.37,5.8,26.5,5.2
2020/10/29 08:00:00,75.12,199.88,6.79,0.54,4.5,8.1,10.6
2020/10/29 08:30:00,64.24,155.01,8.7,0.42,2.5,21.8,9.2
2020/10/29 09:00:00,66.94,176.89,7.78,0.34,6.81,22.4,5.4
2020/10/29 09:30:00,46.68,108.19,15.07,0.31,7.05,7.7,10
2020/10/29 10:00:00,55.58,164.78,13.59,0.36,2.55,23.6,9.5
2020/10/29 10:30:00,46.51,110.05,27.36,0.26,4.15,11.7,5.6
2020/10/29 11:00:00,53.45,143.9,19.68,0.37,7.21,14,6.1
2020/10/29 11:30:00,50.18,124.56,25.29,0.3,5.48,19.4,9.2
2020/10/29 12:00:00,35.94,84.25,31.79,0.26,3.57,14.7,7.5
2020/10/29 12:30:00,37.6,86.44,33.07,0.32,6.84,8.7,3.6
2020/10/29 13:00:00,40.35,101.53,37.06,0.31,6.47,19,8.8
2020/10/29 13:30:00,36.05,96.7,38.9,0.29,2.98,20,7.7
2020/10/29 14:00:00,34.44,89.12,38,0.25,4.39,19,5.5
2020/10/29 14:30:00,37.75,81.4,38.12,0.31,8.04,16.5,5.9
2020/10/29 15:00:00,36.51,76.44,43.13,0.3,4.71,18.2,7.6
2020/10/29 15:30:00,42.76,92.83,37.96,0.36,3.86,12.2,6.7
2020/10/29 16:00:00,45.77,97.58,33.23,0.41,5.96,8,4.7
2020/10/29 16:30:00,60.61,125,29.18,0.48,6.33,20.9,10.1
2020/10/29 17:00:00,55.98,116.83,32.17,0.41,2.63,16.1,9.3
2020/10/29 17:30:00,49.97,104.42,29.6,0.38,6.84,13.5,5.3
2020/10/29 18:00:00,46.68,109.4,25.56,0.36,5.96,19.4,11.3
2020/10/29 18:30:00,61.31,116.47,17.44,0.42,5.43,21.8,10.4
2020/10/29 19:00:00,59.4,114.98,14.85,0.41,4.98,23.5,13.6
2020/10/29 19:30:00,49.5,94.38,17.48,0.38,4.36,15.8,8.2
2020/10/29 20:00:00,54.87,118.25,14.15,0.42,3.91,24.6,13.4
2020/10/29 20:30:00,66.17,131.62,10.92,0.41,3.46,18.2,8.9
2020/10/29 21:00:00,49.25,96.96,15.55,0.38,3.88,23.1,11.7
2020/10/29 21:30:00,44.77,84,16.32,0.38,2.9,12.8,5.5
2020/10/29 22:00:00,46.74,102.05,18.08,0.44,3.83,19.6,8.3
2020/10/29 22:30:00,33.22,58.56,27.44,0.29,2.39,9.6,3
2020/10/29 23:00:00,18.34,30.43,34.35,0.22,3.49,14.5,6
2020/10/29 23:30:00,19.74,33.58,35.7,0.3,3.46,11.1,4.2
2020/10/30 00:00:00,32.72,57.22,27.36,0.25,2.37,14.1,7.8
2020/10/30 00:30:00,51.03,86.46,7.56,0.25,4.36,12.3,5.3
2020/10/30 01:00:00,31.46,47.01,21.25,0.26,2.98,10.2,5.6
2020/10/30 01:30:00,18.97,31.52,30.41,0.44,4.26,13.1,5.5
2020/10/30 02:00:00,28.4,32.8,,0.21,1.46,9.5,4.3
2020/10/30 02:30:00,46.99,64.93,7.44,0.22,4.68,11.2,5.2
2020/10/30 03:00:00,54.01,80.75,3.75,0.68,3.01,10.2,5.6
2020/10/30 03:30:00,65.77,125.27,0.28,0.25,5.88,16,5.6
2020/10/30 04:00:00,69.33,141.62,0.08,0.25,2.34,15.6,7.7
2020/10/30 04:30:00,65.33,161.11,0.58,0.26,5.45,17.6,5.8
2020/10/30 05:00:00,,,,,,18.6,8.2
2020/10/30 05:30:00,32.84,56.06,19.76,0.29,3.19,19.2,5
2020/10/30 06:00:00,41.62,76.29,14.15,0.26,2,20.3,8.8
2020/10/30 06:30:00,50.8,126.72,7.34,0.41,5.14,20.3,5.1
2020/10/30 07:00:00,56.59,212.33,3.03,0.56,3.01,23.5,12.9
2020/10/30 07:30:00,74.66,291.43,0.14,0.63,1.41,23.9,10.1
2020/10/30 08:00:00,102.82,247.17,3.79,0.56,5.53,23.8,7.3
2020/10/30 08:30:00,67.07,163.37,7.88,0.45,2.24,22.2,11.4
2020/10/30 09:00:00,55.08,115.88,13.75,0.36,0.19,18.3,9.3
2020/10/30 09:30:00,48.85,111.23,17.66,0.37,4.82,14.2,3.3
2020/10/30 10:00:00,44.87,94.71,25.45,0.33,2.63,10.8,8.1
2020/10/30 10:30:00,44.85,90.73,24.89,0.31,0.4,11,6.2
2020/10/30 11:00:00,59.04,121.69,21.61,0.37,4.71,11.3,1.9
2020/10/30 11:30:00,46.7,104.96,27.08,0.37,2.77,8.2,6.9
2020/10/30 12:00:00,59.98,116.49,27.58,0.36,0.32,12,6.4
2020/10/30 12:30:00,43.53,84.57,30.19,0.31,3.54,9.9,2.6
2020/10/30 13:00:00,36.43,77.44,27.56,0.3,4.18,9.1,6.1
2020/10/30 13:30:00,35.36,68.72,32.79,0.31,0,7.7,5.8
2020/10/30 14:00:00,35.34,64.95,35.7,0.31,0.96,6.4,4.5
2020/10/30 14:30:00,43.59,84.42,31.33,0.4,1.94,7.8,3.4
2020/10/30 15:00:00,38.58,72.45,33.07,0.33,5.48,7.5,1.3
2020/10/30 15:30:00,47.87,89.96,28.4,0.39,2.31,7.3,7.1
2020/10/30 16:00:00,45.4,87.76,27.7,0.4,0.48,8.4,5
2020/10/30 16:30:00,40.53,71.7,30.49,0.36,2.5,9.4,2.5
2020/10/30 17:00:00,40.35,77.07,25.49,0.39,4.82,7.7,5.1
2020/10/30 17:30:00,35.9,68.35,28.64,0.37,0.43,7.3,7.1
2020/10/30 18:00:00,32.67,60.74,29.74,0.36,0.53,8.9,5.6
2020/10/30 18:30:00,30.45,52.4,36.56,0.29,1.92,9.5,5.7
2020/10/30 19:00:00,28.13,46.89,36.26,0.32,3.57,11.2,2.8
2020/10/30 19:30:00,21,40.26,38.6,0.3,3.67,7.1,7.4
2020/10/30 20:00:00,21.61,34.96,42.83,0.29,0,6.1,5.5
2020/10/30 20:30:00,22.15,37.66,39.24,0.28,1.14,9,4.2
2020/10/30 21:00:00,19.22,32.23,41.35,0.25,4.74,5.9,3.3
2020/10/30 21:30:00,18.49,28.97,40.91,0.26,1.28,3.9,5.1
2020/10/30 22:00:00,19.22,30.79,34.37,0.26,0.4,,
2020/10/30 22:30:00,14.55,25.02,36.36,0.24,2.69,,
2020/10/30 23:00:00,16.85,28.74,28.7,0.24,3.86,,
2020/10/30 23:30:00,13.66,21.09,24.41,0.24,0,,
2020/10/31 00:00:00,13.22,21.76,19.46,0.24,1.12,,
2020/10/31 00:30:00,21.57,32.15,11.54,0.21,1.86,,
2020/10/31 01:00:00,,,,,,,
2020/10/31 01:30:00,20.27,28.84,11.42,0.22,2.69,,
2020/10/31 02:00:00,23.31,47.01,8.78,0.24,0.51,,
2020/10/31 02:30:00,15.03,20.66,14.63,0.18,1.25,,
2020/10/31 03:00:00,14.67,24.67,15.15,0.17,2.02,,
2020/10/31 03:30:00,12.91,16.96,17,0.18,2.18,,
2020/10/31 04:00:00,,,,,,,
2020/10/31 04:30:00,12.49,18.4,18.34,0.11,0.56,,
2020/10/31 05:00:00,15.53,31.25,16.98,0.1,0.77,,
2020/10/31 05:30:00,21.99,44.31,13.09,0.11,0.72,,
2020/10/31 06:00:00,36.57,71.66,4.45,0.14,0.56,,
2020/10/31 06:30:00,26.07,42.59,11.08,0.14,0.48,,
2020/10/31 07:00:00,37.35,70,2.79,0.13,0.48,,
2020/10/31 07:30:00,42.5,101.4,1.06,0.17,0.59,,
2020/10/31 08:00:00,38.19,78.93,4.15,0.25,0.21,,
2020/10/31 08:30:00,40.41,93.44,4.93,0.29,0.53,,
2020/10/31 09:00:00,38.1,87.15,12.07,0.22,0.77,,
2020/10/31 09:30:00,54.7,159.31,11.79,0.34,0.9,,
2020/10/31 10:00:00,50.26,128.86,9.46,0.39,1.12,,
2020/10/31 10:30:00,33.95,112.44,13.11,0.41,0.8,,
2020/10/31 11:00:00,44.56,118.31,9.48,0.41,0.75,,
2020/10/31 11:30:00,32.51,56,25.09,0.18,0.64,,
2020/10/31 12:00:00,35.17,73.13,18.42,0.26,0.8,,
2020/10/31 12:30:00,30.39,60.21,21.27,0.16,0.61,,
2020/10/31 13:00:00,27.54,53.44,26.26,0.14,0.85,,
2020/10/31 13:30:00,27.94,54.89,26.24,0.19,0.93,,
2020/10/31 14:00:00,26.05,64.45,22.13,0.18,0.59,,
2020/10/31 14:30:00,26.85,54.95,25.53,0.16,0.4,,
2020/10/31 15:00:00,30.43,67.65,25.09,0.19,0.72,,
2020/10/31 15:30:00,26.16,47.18,27.14,0.15,0.82,,
2020/10/31 16:00:00,25.74,46.99,26.34,0.21,0.61,,
2020/10/31 16:30:00,35.57,74.03,21.87,0.19,0.64,,
2020/10/31 17:00:00,26.95,47.74,30.06,0.18,0.45,,
2020/10/31 17:30:00,36.24,75.54,20.68,0.24,0.21,,
2020/10/31 18:00:00,31.25,52.63,23.95,0.21,0.11,,
2020/10/31 18:30:00,29.45,50.72,27.12,0.22,0.4,,
2020/10/31 19:00:00,34.42,58.66,28.44,0.23,0.53,,
2020/10/31 19:30:00,28.88,57.49,29.94,0.28,0.93,,
2020/10/31 20:00:00,18.86,29.01,37.82,0.13,0.93,,
2020/10/31 20:30:00,17.75,28.99,29.02,0.1,0.59,,
2020/10/31 21:00:00,16.05,29.36,25.53,0.1,0.59,,
2020/10/31 21:30:00,15.68,30.96,24.83,0.19,0.96,,
2020/10/31 22:00:00,20.83,36.39,24.37,0.15,1.06,,
2020/10/31 22:30:00,23.31,39.49,21.61,0.14,0.67,,
2020/10/31 23:00:00,,,,,,,
2020/10/31 23:30:00,,,,,,,
