DateTime,VR,VH(m/s),T(??C),RH(%),GS(W/m2)
2020/10/1 0:00,104.51,2.77,14.43,82.20,0.25
2020/10/1 0:30,96.42,3.19,14.50,81.71,0.28
2020/10/1 1:00,97.83,3.06,14.47,81.75,0.27
2020/10/1 1:30,92.89,3.11,14.38,83.89,0.27
2020/10/1 2:00,86.81,3.55,14.52,84.12,0.26
2020/10/1 2:30,86.29,3.53,14.50,83.97,0.26
2020/10/1 3:00,77.94,3.48,14.44,83.77,0.26
2020/10/1 3:30,69.07,4.11,13.75,86.66,0.26
2020/10/1 4:00,71.57,4.28,13.28,87.86,0.27
2020/10/1 4:30,70.92,4.59,12.97,86.64,0.27
2020/10/1 5:00,70.81,4.13,12.77,85.77,0.27
2020/10/1 5:30,68.49,4.22,12.71,84.57,0.23
2020/10/1 6:00,67.35,3.83,12.60,84.59,3.64
2020/10/1 6:30,66.25,4.28,12.60,83.90,20.46
2020/10/1 7:00,68.69,4.95,12.63,83.20,46.61
2020/10/1 7:30,66.20,3.89,13.25,80.99,37.27
2020/10/1 8:00,56.71,3.95,12.97,82.42,56.35
2020/10/1 8:30,55.21,4.10,13.35,80.30,135.19
2020/10/1 9:00,54.83,5.49,13.02,82.88,198.01
2020/10/1 9:30,53.41,4.77,13.22,83.47,207.84
2020/10/1 10:00,47.38,4.29,13.56,82.08,226.30
2020/10/1 10:30,45.25,3.90,13.96,81.41,165.15
2020/10/1 11:00,52.10,4.64,14.30,79.98,134.69
2020/10/1 11:30,60.76,4.25,14.75,79.50,58.11
2020/10/1 12:00,62.95,4.42,14.73,81.17,50.98
2020/10/1 12:30,65.08,5.00,14.89,82.58,93.85
2020/10/1 13:00,62.53,4.25,14.98,83.06,55.82
2020/10/1 13:30,66.41,4.49,15.31,81.78,141.51
2020/10/1 14:00,63.59,4.96,15.35,82.09,92.26
2020/10/1 14:30,72.83,4.28,15.75,80.25,37.21
2020/10/1 15:00,73.30,4.97,15.56,81.28,37.50
2020/10/1 15:30,68.88,4.96,15.59,80.97,40.38
2020/10/1 16:00,69.54,4.92,15.60,80.39,12.43
2020/10/1 16:30,66.74,4.58,15.78,79.49,11.45
2020/10/1 17:00,68.87,5.05,15.69,79.62,4.96
2020/10/1 17:30,76.08,5.40,15.56,76.48,0.97
2020/10/1 18:00,76.57,4.06,15.64,75.33,0.26
2020/10/1 18:30,72.67,4.40,15.39,75.85,0.26
2020/10/1 19:00,67.50,5.06,15.23,76.05,0.26
2020/10/1 19:30,67.53,5.56,15.03,78.54,0.25
2020/10/1 20:00,66.06,5.68,14.96,80.09,0.26
2020/10/1 20:30,69.28,5.65,14.90,80.80,0.26
2020/10/1 21:00,62.85,4.57,14.88,82.07,0.25
2020/10/1 21:30,66.61,3.64,15.22,81.57,0.26
2020/10/1 22:00,64.66,3.55,15.22,82.73,0.26
2020/10/1 22:30,78.47,3.92,15.53,82.63,0.27
2020/10/1 23:00,81.04,3.80,15.64,82.57,0.27
2020/10/1 23:30,82.89,4.05,15.63,82.93,0.27
2020/10/2 0:00,84.34,4.15,15.60,83.48,0.26
2020/10/2 0:30,87.17,4.13,15.59,83.49,0.27
2020/10/2 1:00,87.65,3.85,15.78,82.76,0.26
2020/10/2 1:30,84.23,3.70,15.86,82.97,0.26
2020/10/2 2:00,87.13,3.67,15.77,83.90,0.26
2020/10/2 2:30,86.16,4.32,15.76,84.49,0.26
2020/10/2 3:00,85.44,4.11,15.80,84.23,0.27
2020/10/2 3:30,85.48,4.26,15.77,84.19,0.27
2020/10/2 4:00,85.37,5.16,15.63,84.30,0.26
2020/10/2 4:30,82.06,4.77,15.67,83.76,0.26
2020/10/2 5:00,85.58,4.93,15.50,84.08,0.26
2020/10/2 5:30,89.50,4.29,15.36,83.44,0.27
2020/10/2 6:00,87.43,4.31,15.48,82.02,3.40
2020/10/2 6:30,90.63,3.84,15.52,81.99,26.06
2020/10/2 7:00,89.39,4.33,15.64,80.50,82.36
2020/10/2 7:30,81.19,4.49,15.68,79.56,85.98
2020/10/2 8:00,78.42,4.83,15.86,79.47,118.86
2020/10/2 8:30,74.74,4.42,16.02,80.56,101.11
2020/10/2 9:00,80.56,4.45,16.22,77.80,157.35
2020/10/2 9:30,86.33,5.13,16.39,73.74,216.35
2020/10/2 10:00,76.69,5.94,16.48,73.27,210.26
2020/10/2 10:30,80.36,5.32,16.52,74.13,163.37
2020/10/2 11:00,74.00,5.74,16.45,76.95,175.80
2020/10/2 11:30,72.61,6.14,16.46,76.29,172.49
2020/10/2 12:00,27.26,5.20,16.72,74.32,152.69
2020/10/2 12:30,74.96,5.84,16.64,72.74,85.65
2020/10/2 13:00,85.06,6.00,16.37,72.27,52.76
2020/10/2 13:30,85.79,5.69,16.34,71.85,73.77
2020/10/2 14:00,79.11,5.67,16.30,72.11,52.32
2020/10/2 14:30,89.76,4.79,15.98,73.81,40.12
2020/10/2 15:00,86.09,5.20,16.19,72.14,31.33
2020/10/2 15:30,87.69,5.10,16.19,72.65,45.94
2020/10/2 16:00,83.00,4.60,16.04,75.10,29.93
2020/10/2 16:30,74.20,5.36,16.10,74.52,36.75
2020/10/2 17:00,76.64,5.36,16.00,75.64,10.09
2020/10/2 17:30,73.25,5.93,15.89,75.47,1.19
2020/10/2 18:00,76.08,5.72,15.81,76.19,0.26
2020/10/2 18:30,67.36,5.61,15.55,77.89,0.26
2020/10/2 19:00,66.32,5.64,15.38,79.37,0.25
2020/10/2 19:30,65.38,5.75,15.39,80.45,0.27
2020/10/2 20:00,68.22,5.74,15.47,79.90,0.26
2020/10/2 20:30,67.21,5.66,15.53,80.13,0.26
2020/10/2 21:00,65.98,5.66,15.43,81.00,0.26
2020/10/2 21:30,68.49,6.06,15.43,80.56,0.27
2020/10/2 22:00,66.36,5.74,15.56,79.83,0.26
2020/10/2 22:30,63.76,5.56,15.57,80.29,0.27
2020/10/2 23:00,65.99,6.27,15.53,80.34,0.26
2020/10/2 23:30,67.51,6.07,15.55,80.32,0.27
2020/10/3 0:00,68.65,5.92,15.60,79.86,0.26
2020/10/3 0:30,67.39,5.67,15.60,79.89,0.27
2020/10/3 1:00,68.27,5.17,15.60,80.30,0.26
2020/10/3 1:30,66.09,5.90,15.48,81.20,0.26
2020/10/3 2:00,64.23,5.67,15.47,81.63,0.25
2020/10/3 2:30,69.53,5.26,15.42,81.95,0.26
2020/10/3 3:00,71.57,5.67,15.36,81.32,0.26
2020/10/3 3:30,74.25,5.50,15.25,81.23,0.26
2020/10/3 4:00,71.18,5.26,15.07,81.70,0.26
2020/10/3 4:30,70.65,5.59,15.18,80.38,0.26
2020/10/3 5:00,73.64,5.38,15.25,77.68,0.28
2020/10/3 5:30,67.68,6.32,15.11,78.82,0.27
2020/10/3 6:00,67.48,5.46,15.28,79.34,1.58
2020/10/3 6:30,68.98,6.33,15.36,78.46,14.57
2020/10/3 7:00,64.88,6.17,15.60,77.83,77.04
2020/10/3 7:30,65.83,6.24,15.50,79.22,80.69
2020/10/3 8:00,73.28,6.42,15.64,78.69,65.82
2020/10/3 8:30,73.37,6.27,16.01,76.38,197.19
2020/10/3 9:00,71.34,6.86,16.37,73.75,291.24
2020/10/3 9:30,71.98,8.33,16.77,69.41,379.86
2020/10/3 10:00,64.51,6.86,16.95,70.73,390.12
2020/10/3 10:30,71.76,7.53,17.18,70.51,412.48
2020/10/3 11:00,69.49,7.07,17.03,72.86,256.40
2020/10/3 11:30,67.07,7.57,17.15,72.15,415.75
2020/10/3 12:00,67.45,7.79,16.92,72.84,257.94
2020/10/3 12:30,70.31,7.53,16.95,72.73,150.84
2020/10/3 13:00,68.89,8.23,16.72,74.74,108.83
2020/10/3 13:30,67.02,7.48,16.62,76.20,74.69
2020/10/3 14:00,63.92,8.37,16.38,78.83,60.22
2020/10/3 14:30,62.79,8.45,16.23,80.66,33.66
2020/10/3 15:00,63.49,8.20,16.17,81.86,26.77
2020/10/3 15:30,65.54,8.40,16.12,82.89,20.84
2020/10/3 16:00,68.31,7.32,16.18,83.23,13.92
2020/10/3 16:30,69.51,8.00,16.15,83.57,4.75
2020/10/3 17:00,71.10,7.10,16.27,82.62,1.06
2020/10/3 17:30,72.14,7.97,16.36,80.63,0.27
2020/10/3 18:00,67.95,7.67,16.30,79.96,0.25
2020/10/3 18:30,67.38,6.81,16.36,80.10,0.24
2020/10/3 19:00,64.18,6.79,16.27,82.45,0.26
2020/10/3 19:30,62.15,7.13,16.15,84.55,0.25
2020/10/3 20:00,63.86,6.84,16.29,84.87,0.26
2020/10/3 20:30,66.14,5.59,16.54,84.34,0.26
2020/10/3 21:00,63.38,5.43,16.68,84.45,0.26
2020/10/3 21:30,66.99,6.13,16.60,85.22,0.26
2020/10/3 22:00,62.42,6.19,16.42,86.56,0.24
2020/10/3 22:30,59.50,5.79,16.30,87.55,0.26
2020/10/3 23:00,66.14,5.70,16.38,87.47,0.27
2020/10/3 23:30,68.46,5.74,16.54,86.81,0.25
2020/10/4 0:00,66.90,5.96,16.48,87.40,0.25
2020/10/4 0:30,70.91,5.67,16.54,87.42,0.26
2020/10/4 1:00,69.37,5.62,16.56,87.47,0.26
2020/10/4 1:30,76.89,4.32,16.80,86.42,0.25
2020/10/4 2:00,66.38,5.31,16.60,87.29,0.26
2020/10/4 2:30,69.16,5.02,16.53,87.77,0.26
2020/10/4 3:00,82.35,3.80,16.62,86.91,0.25
2020/10/4 3:30,76.20,3.77,16.79,86.22,0.26
2020/10/4 4:00,82.56,4.19,16.65,86.67,0.27
2020/10/4 4:30,88.14,3.78,16.56,87.22,0.26
2020/10/4 5:00,89.76,3.48,16.45,88.06,0.27
2020/10/4 5:30,94.51,2.91,16.39,88.66,0.27
2020/10/4 6:00,102.27,2.66,16.34,89.48,0.26
2020/10/4 6:30,103.04,2.78,16.14,91.21,1.31
2020/10/4 7:00,132.10,2.65,15.86,93.72,8.85
2020/10/4 7:30,171.33,2.78,15.81,94.11,12.26
2020/10/4 8:00,196.70,1.74,15.59,94.62,33.11
2020/10/4 8:30,151.33,1.66,16.06,92.58,19.20
2020/10/4 9:00,177.94,3.03,15.53,93.02,32.85
2020/10/4 9:30,210.75,3.38,14.89,90.54,103.44
2020/10/4 10:00,216.41,2.79,15.14,88.64,106.01
2020/10/4 10:30,197.45,2.77,15.03,87.60,118.55
2020/10/4 11:00,191.91,2.84,14.93,84.64,133.87
2020/10/4 11:30,195.43,2.82,15.00,82.44,158.75
2020/10/4 12:00,196.83,2.81,15.00,81.79,163.45
2020/10/4 12:30,182.01,2.47,15.02,80.18,167.98
2020/10/4 13:00,186.82,2.68,15.13,79.18,175.64
2020/10/4 13:30,181.46,2.31,15.26,72.43,205.52
2020/10/4 14:00,155.14,2.00,15.94,69.45,243.46
2020/10/4 14:30,149.35,2.54,15.72,70.35,130.32
2020/10/4 15:00,156.32,2.59,15.97,71.45,147.97
2020/10/4 15:30,165.39,3.19,16.04,73.42,152.17
2020/10/4 16:00,169.12,4.33,15.80,75.98,109.37
2020/10/4 16:30,174.68,4.53,15.43,77.84,34.86
2020/10/4 17:00,172.35,3.43,15.36,75.96,12.11
2020/10/4 17:30,178.60,3.04,15.11,72.69,1.45
2020/10/4 18:00,172.98,3.23,15.06,69.68,0.26
2020/10/4 18:30,167.73,3.21,14.89,71.04,0.26
2020/10/4 19:00,171.08,2.72,14.65,71.58,0.27
2020/10/4 19:30,169.97,2.97,14.57,71.67,0.25
2020/10/4 20:00,171.56,3.22,14.47,72.55,0.26
2020/10/4 20:30,175.23,3.65,14.67,71.10,0.27
2020/10/4 21:00,183.50,2.81,14.67,71.19,0.27
2020/10/4 21:30,184.69,2.72,14.52,71.73,0.26
2020/10/4 22:00,181.05,2.37,14.55,72.44,0.28
2020/10/4 22:30,179.88,2.67,14.43,71.06,0.28
2020/10/4 23:00,178.26,3.08,14.10,71.35,0.27
2020/10/4 23:30,173.95,2.71,14.05,71.67,0.26
2020/10/5 0:00,164.95,1.87,13.96,72.48,0.27
2020/10/5 0:30,149.08,1.92,13.72,74.29,0.27
2020/10/5 1:00,174.14,2.48,13.38,76.75,0.27
2020/10/5 1:30,170.10,2.15,13.03,78.06,0.26
2020/10/5 2:00,158.65,2.38,13.10,76.64,0.27
2020/10/5 2:30,156.66,2.41,12.96,75.61,0.26
2020/10/5 3:00,151.56,1.98,12.88,73.49,0.22
2020/10/5 3:30,152.96,2.47,12.88,71.85,0.23
2020/10/5 4:00,147.83,2.55,12.81,71.92,0.28
2020/10/5 4:30,151.19,2.89,12.68,74.23,0.27
2020/10/5 5:00,146.76,2.77,12.73,74.25,0.28
2020/10/5 5:30,133.92,2.79,12.98,71.47,0.27
2020/10/5 6:00,124.32,2.54,13.43,71.62,1.58
2020/10/5 6:30,118.73,2.58,13.89,71.52,24.38
2020/10/5 7:00,108.58,2.42,14.43,69.16,79.14
2020/10/5 7:30,118.57,3.18,14.56,67.25,134.70
2020/10/5 8:00,104.39,2.69,14.68,69.20,123.63
2020/10/5 8:30,107.83,3.12,14.77,72.11,134.94
2020/10/5 9:00,112.74,3.43,15.47,70.95,298.09
2020/10/5 9:30,123.12,4.41,15.72,69.84,403.32
2020/10/5 10:00,121.23,3.89,15.89,68.71,255.98
2020/10/5 10:30,118.82,4.18,15.81,69.62,262.02
2020/10/5 11:00,121.57,3.69,16.15,68.74,243.41
2020/10/5 11:30,115.54,4.13,16.36,65.46,349.79
2020/10/5 12:00,116.40,3.33,16.92,61.73,333.17
2020/10/5 12:30,98.70,3.43,17.42,57.17,413.35
2020/10/5 13:00,78.88,3.34,17.85,53.74,333.18
2020/10/5 13:30,71.15,3.30,18.11,51.39,245.19
2020/10/5 14:00,61.10,3.11,17.96,54.34,179.70
2020/10/5 14:30,64.39,4.41,17.32,57.78,152.08
2020/10/5 15:00,63.28,4.15,17.04,61.57,121.30
2020/10/5 15:30,65.57,4.51,16.90,63.74,100.58
2020/10/5 16:00,71.57,3.75,16.92,64.21,62.06
2020/10/5 16:30,69.25,3.64,16.61,67.23,21.13
2020/10/5 17:00,72.75,3.55,16.55,70.24,6.95
2020/10/5 17:30,70.46,4.17,15.89,75.10,0.35
2020/10/5 18:00,64.82,5.33,15.23,79.14,0.26
2020/10/5 18:30,63.49,4.58,15.07,79.61,0.25
2020/10/5 19:00,66.43,3.19,15.30,79.57,0.26
2020/10/5 19:30,71.14,2.37,15.82,78.23,0.26
2020/10/5 20:00,74.25,2.55,15.93,79.15,0.26
2020/10/5 20:30,65.59,3.26,15.23,83.41,0.25
2020/10/5 21:00,67.65,3.16,15.10,84.84,0.26
2020/10/5 21:30,96.56,2.56,15.28,83.91,0.25
2020/10/5 22:00,100.47,2.24,15.23,84.23,0.26
2020/10/5 22:30,119.26,2.05,15.22,83.96,0.26
2020/10/5 23:00,203.67,2.40,14.60,82.63,0.26
2020/10/5 23:30,234.32,2.31,14.00,83.26,0.25
2020/10/6 0:00,276.92,1.23,14.28,83.90,0.27
2020/10/6 0:30,295.46,0.99,15.00,79.58,0.26
2020/10/6 1:00,237.14,1.64,14.14,82.36,0.26
2020/10/6 1:30,218.08,3.05,12.98,88.13,0.26
2020/10/6 2:00,209.89,2.53,13.09,86.15,0.26
2020/10/6 2:30,210.01,3.16,12.78,86.76,0.27
2020/10/6 3:00,201.60,2.62,12.39,87.83,0.27
2020/10/6 3:30,198.92,2.53,12.06,89.24,0.27
2020/10/6 4:00,197.68,2.43,11.85,90.55,0.28
2020/10/6 4:30,191.08,2.76,11.68,90.31,0.27
2020/10/6 5:00,188.06,3.30,11.56,89.73,0.28
2020/10/6 5:30,191.01,2.79,11.50,89.00,0.27
2020/10/6 6:00,186.89,3.28,11.46,88.48,0.81
2020/10/6 6:30,185.72,3.49,11.51,87.75,13.25
2020/10/6 7:00,183.97,4.14,11.50,86.75,45.63
2020/10/6 7:30,185.76,4.10,11.85,86.09,78.70
2020/10/6 8:00,186.86,5.59,12.05,84.87,90.22
2020/10/6 8:30,185.33,5.49,12.47,82.39,192.73
2020/10/6 9:00,182.23,5.97,12.90,81.36,315.36
2020/10/6 9:30,176.37,4.76,13.76,77.34,299.07
2020/10/6 10:00,180.94,6.15,13.72,77.13,323.23
2020/10/6 10:30,180.24,6.11,13.64,76.98,161.20
2020/10/6 11:00,183.09,5.65,13.61,77.33,211.95
2020/10/6 11:30,174.68,6.56,13.97,74.42,262.07
2020/10/6 12:00,170.64,6.05,14.00,76.13,228.82
2020/10/6 12:30,170.93,6.44,13.94,76.47,136.54
2020/10/6 13:00,173.37,6.25,13.56,78.68,97.66
2020/10/6 13:30,177.96,5.92,13.52,80.07,107.67
2020/10/6 14:00,179.41,5.21,13.42,82.82,83.67
2020/10/6 14:30,182.15,5.40,13.13,85.72,87.71
2020/10/6 15:00,185.30,5.09,13.13,85.45,40.15
2020/10/6 15:30,184.98,4.45,13.35,84.58,40.14
2020/10/6 16:00,183.67,4.85,13.56,84.43,21.99
2020/10/6 16:30,185.19,5.17,13.71,83.53,15.54
2020/10/6 17:00,184.89,4.55,13.85,82.54,11.04
2020/10/6 17:30,184.84,5.16,13.77,83.34,0.43
2020/10/6 18:00,180.35,4.50,13.86,82.17,0.29
2020/10/6 18:30,179.53,5.13,13.81,81.97,0.26
2020/10/6 19:00,181.44,4.64,13.81,81.53,0.27
2020/10/6 19:30,182.12,4.80,13.60,80.78,0.26
2020/10/6 20:00,177.64,3.75,13.63,81.76,0.26
2020/10/6 20:30,173.27,3.66,13.86,82.75,0.27
2020/10/6 21:00,172.76,4.59,14.19,81.22,0.27
2020/10/6 21:30,169.92,4.33,14.38,78.90,0.27
2020/10/6 22:00,173.15,4.20,14.51,77.88,0.27
2020/10/6 22:30,169.48,4.11,14.44,78.00,0.27
2020/10/6 23:00,172.86,4.56,14.35,77.34,0.27
2020/10/6 23:30,180.47,4.67,14.02,77.50,0.28
2020/10/7 0:00,183.66,3.59,13.67,78.06,0.27
2020/10/7 0:30,170.60,2.58,13.67,79.49,0.28
2020/10/7 1:00,174.44,3.16,13.39,81.30,0.22
2020/10/7 1:30,166.02,3.07,13.06,80.62,0.21
2020/10/7 2:00,158.52,2.26,13.00,80.63,0.27
2020/10/7 2:30,179.28,2.54,12.65,86.87,0.28
2020/10/7 3:00,161.75,3.08,12.32,92.20,0.23
2020/10/7 3:30,169.06,2.63,12.61,91.95,0.22
2020/10/7 4:00,175.71,2.53,12.63,91.68,0.28
2020/10/7 4:30,184.83,3.83,12.53,88.35,0.28
2020/10/7 5:00,181.64,3.62,12.39,86.74,0.24
2020/10/7 5:30,178.95,3.56,12.31,87.68,0.22
2020/10/7 6:00,180.82,3.83,12.27,87.80,1.27
2020/10/7 6:30,182.46,4.49,12.47,87.09,8.27
2020/10/7 7:00,190.34,3.92,12.55,88.01,27.54
2020/10/7 7:30,200.07,3.36,12.64,89.72,44.49
2020/10/7 8:00,192.06,3.82,12.61,89.75,67.85
2020/10/7 8:30,195.85,3.61,12.81,88.22,100.36
2020/10/7 9:00,203.97,3.38,13.15,86.06,136.09
2020/10/7 9:30,197.70,3.74,13.57,82.73,237.83
2020/10/7 10:00,197.22,4.83,14.42,77.92,396.76
2020/10/7 10:30,193.16,4.80,14.47,77.99,344.68
2020/10/7 11:00,197.56,4.46,14.89,74.96,312.67
2020/10/7 11:30,195.46,4.55,14.50,75.86,177.53
2020/10/7 12:00,188.97,4.85,14.40,77.65,214.79
2020/10/7 12:30,189.36,4.84,14.56,76.33,149.80
2020/10/7 13:00,189.50,5.35,14.77,74.81,306.84
2020/10/7 13:30,191.60,5.64,15.17,70.68,362.52
2020/10/7 14:00,196.44,5.11,14.72,72.23,148.66
2020/10/7 14:30,202.96,4.97,14.48,73.04,196.27
2020/10/7 15:00,202.58,4.78,15.01,73.19,237.27
2020/10/7 15:30,196.43,4.96,14.50,72.73,98.03
2020/10/7 16:00,191.83,4.74,14.13,76.60,44.97
2020/10/7 16:30,199.55,4.65,13.80,78.07,31.19
2020/10/7 17:00,195.19,3.88,13.56,82.39,10.15
2020/10/7 17:30,202.25,3.43,13.52,82.24,0.33
2020/10/7 18:00,192.99,3.25,13.28,83.98,0.27
2020/10/7 18:30,214.28,4.38,13.56,80.97,0.28
2020/10/7 19:00,219.50,4.10,13.44,77.45,0.27
2020/10/7 19:30,216.73,4.18,13.07,77.34,0.27
2020/10/7 20:00,220.00,3.69,12.90,78.60,0.28
2020/10/7 20:30,217.08,3.48,12.82,78.62,0.27
2020/10/7 21:00,214.81,3.58,12.39,81.52,0.27
2020/10/7 21:30,217.39,2.99,12.17,83.06,0.28
2020/10/7 22:00,219.23,3.87,12.30,82.36,0.27
2020/10/7 22:30,219.56,3.76,12.52,81.40,0.28
2020/10/7 23:00,221.31,3.59,12.77,80.30,0.28
2020/10/7 23:30,219.65,3.64,12.72,81.53,0.28
2020/10/8 0:00,216.75,3.42,12.48,82.84,0.23
2020/10/8 0:30,216.56,3.00,12.31,84.06,0.22
2020/10/8 1:00,218.29,2.62,12.00,85.62,0.23
2020/10/8 1:30,215.37,3.08,11.57,87.62,0.23
2020/10/8 2:00,213.23,3.02,11.28,88.82,0.23
2020/10/8 2:30,211.44,3.09,11.23,89.16,0.23
2020/10/8 3:00,208.54,2.77,11.43,88.66,0.23
2020/10/8 3:30,204.89,2.55,11.52,88.85,0.23
2020/10/8 4:00,209.77,3.52,11.98,86.45,0.23
2020/10/8 4:30,208.92,4.11,12.31,85.08,0.23
2020/10/8 5:00,204.94,4.08,12.44,84.51,0.23
2020/10/8 5:30,201.37,3.69,12.47,85.59,0.24
2020/10/8 6:00,207.38,4.26,12.23,86.54,1.38
2020/10/8 6:30,209.30,4.15,12.22,86.82,14.73
2020/10/8 7:00,205.54,4.39,12.34,85.64,45.85
2020/10/8 7:30,201.87,4.50,12.68,84.56,103.61
2020/10/8 8:00,195.58,5.04,12.86,83.47,131.13
2020/10/8 8:30,190.23,5.60,12.94,83.51,160.61
2020/10/8 9:00,185.98,5.27,13.02,83.52,196.86
2020/10/8 9:30,193.95,5.77,13.40,79.94,227.32
2020/10/8 10:00,191.66,5.33,13.30,80.34,178.40
2020/10/8 10:30,193.16,6.16,13.21,78.63,188.05
2020/10/8 11:00,189.22,6.63,13.10,75.26,174.93
2020/10/8 11:30,186.39,5.32,13.06,76.22,153.08
2020/10/8 12:00,187.04,5.04,13.10,77.60,145.78
2020/10/8 12:30,183.80,6.25,12.97,76.82,153.28
2020/10/8 13:00,183.08,6.42,12.77,76.46,115.41
2020/10/8 13:30,186.59,5.75,12.97,75.37,99.65
2020/10/8 14:00,183.93,5.27,12.77,76.62,80.15
2020/10/8 14:30,171.25,4.92,12.60,78.43,84.91
2020/10/8 15:00,168.48,4.01,12.56,79.06,50.10
2020/10/8 15:30,169.56,4.79,12.05,84.73,12.81
2020/10/8 16:00,166.88,5.04,11.59,84.46,12.85
2020/10/8 16:30,159.58,4.48,11.52,83.24,6.46
2020/10/8 17:00,159.90,4.83,11.31,87.76,0.53
2020/10/8 17:30,157.00,5.22,11.42,90.88,0.24
2020/10/8 18:00,161.98,5.28,11.69,92.06,0.26
2020/10/8 18:30,165.56,4.87,11.86,92.75,0.28
2020/10/8 19:00,161.90,4.36,12.14,92.96,0.26
2020/10/8 19:30,165.19,4.18,12.43,93.53,0.23
2020/10/8 20:00,169.99,3.88,12.81,93.01,0.24
2020/10/8 20:30,172.30,4.66,13.06,92.94,0.24
2020/10/8 21:00,172.80,4.50,13.15,94.25,0.24
2020/10/8 21:30,172.44,4.44,13.39,94.54,0.23
2020/10/8 22:00,184.61,4.91,13.56,94.52,0.23
2020/10/8 22:30,192.74,4.47,13.89,94.83,0.23
2020/10/8 23:00,201.45,4.36,14.30,94.16,0.23
2020/10/8 23:30,261.29,5.02,14.25,91.87,0.22
2020/10/9 0:00,293.90,5.39,13.25,89.94,0.24
2020/10/9 0:30,294.77,5.15,12.72,89.15,0.23
2020/10/9 1:00,294.22,5.85,12.60,88.23,0.24
2020/10/9 1:30,290.20,6.91,11.93,85.91,0.22
2020/10/9 2:00,284.89,5.36,11.60,84.63,0.24
2020/10/9 2:30,278.91,4.71,11.47,83.58,0.23
2020/10/9 3:00,274.16,4.73,11.32,82.99,0.24
2020/10/9 3:30,267.13,3.74,11.31,83.37,0.24
2020/10/9 4:00,270.48,3.66,11.53,81.97,0.23
2020/10/9 4:30,271.91,4.17,11.40,81.52,0.23
2020/10/9 5:00,272.87,4.03,11.28,80.24,0.25
2020/10/9 5:30,266.43,3.69,11.19,78.61,0.22
2020/10/9 6:00,253.16,4.33,10.59,81.25,0.52
2020/10/9 6:30,251.57,4.24,10.52,82.32,14.47
2020/10/9 7:00,255.39,4.61,10.36,82.60,57.94
2020/10/9 7:30,249.75,4.54,10.64,80.58,116.82
2020/10/9 8:00,251.83,4.42,11.27,75.52,188.27
2020/10/9 8:30,251.34,4.86,11.57,72.59,252.24
2020/10/9 9:00,252.73,4.85,12.35,68.96,307.32
2020/10/9 9:30,249.24,4.87,12.76,66.72,358.27
2020/10/9 10:00,255.79,5.16,13.00,65.30,416.70
2020/10/9 10:30,254.93,5.34,13.01,63.33,336.79
2020/10/9 11:00,243.38,4.75,13.31,61.19,360.04
2020/10/9 11:30,248.18,4.44,13.84,56.55,363.79
2020/10/9 12:00,244.55,4.91,14.05,53.57,432.10
2020/10/9 12:30,234.55,4.07,14.59,52.96,474.33
2020/10/9 13:00,241.15,3.67,14.56,52.34,300.44
2020/10/9 13:30,225.09,4.52,14.47,52.12,294.33
2020/10/9 14:00,220.85,3.97,14.57,51.45,284.66
2020/10/9 14:30,225.17,3.55,14.64,50.54,240.85
2020/10/9 15:00,191.73,3.47,14.38,54.08,142.03
2020/10/9 15:30,190.44,3.82,13.68,59.67,96.50
2020/10/9 16:00,187.82,3.84,13.67,61.21,61.22
2020/10/9 16:30,191.08,3.86,13.56,59.38,26.79
2020/10/9 17:00,189.97,3.60,13.23,61.03,3.52
2020/10/9 17:30,187.74,3.49,13.01,64.89,0.26
2020/10/9 18:00,186.63,3.61,12.97,66.90,0.28
2020/10/9 18:30,177.54,4.06,12.93,70.22,0.27
2020/10/9 19:00,178.59,3.62,12.64,75.31,0.25
2020/10/9 19:30,179.88,4.05,12.67,75.81,0.22
2020/10/9 20:00,177.31,4.26,12.72,75.28,0.25
2020/10/9 20:30,177.52,4.44,12.94,74.33,0.29
2020/10/9 21:00,175.75,4.82,12.82,70.32,0.28
2020/10/9 21:30,176.94,5.17,12.73,71.31,0.28
2020/10/9 22:00,181.42,3.58,12.60,72.18,0.28
2020/10/9 22:30,181.32,3.70,12.72,71.80,0.28
2020/10/9 23:00,188.11,3.82,12.64,71.55,0.26
2020/10/9 23:30,186.37,3.92,12.38,74.33,0.22
2020/10/10 0:00,194.36,3.72,12.39,75.55,0.25
2020/10/10 0:30,190.23,3.25,12.31,76.05,0.27
2020/10/10 1:00,190.35,3.43,12.18,77.42,0.25
2020/10/10 1:30,192.67,3.35,12.21,77.87,0.24
2020/10/10 2:00,198.55,3.14,12.02,78.52,0.24
2020/10/10 2:30,193.14,3.31,12.02,77.44,0.23
2020/10/10 3:00,190.26,3.32,11.77,79.02,0.23
2020/10/10 3:30,189.46,3.14,11.78,79.13,0.23
2020/10/10 4:00,185.62,3.80,11.68,79.62,0.24
2020/10/10 4:30,185.68,4.44,11.59,80.20,0.22
2020/10/10 5:00,206.07,4.24,11.42,81.13,0.24
2020/10/10 5:30,209.71,3.26,10.75,83.41,0.23
2020/10/10 6:00,216.20,3.08,10.80,84.76,0.24
2020/10/10 6:30,230.98,3.40,10.56,85.32,0.81
2020/10/10 7:00,239.12,3.05,10.56,85.79,17.58
2020/10/10 7:30,252.61,4.46,9.89,85.63,28.60
2020/10/10 8:00,250.08,3.82,9.93,83.63,51.18
2020/10/10 8:30,242.15,3.16,10.14,82.38,112.87
2020/10/10 9:00,243.49,3.98,10.23,81.34,191.51
2020/10/10 9:30,236.44,3.72,10.48,77.98,269.54
2020/10/10 10:00,239.48,3.61,11.00,70.48,277.54
2020/10/10 10:30,236.24,4.02,11.28,64.83,236.19
2020/10/10 11:00,244.15,3.86,11.39,64.42,329.46
2020/10/10 11:30,234.42,4.49,11.88,59.08,461.71
2020/10/10 12:00,230.66,3.94,11.69,62.65,165.23
2020/10/10 12:30,216.80,3.99,12.22,61.23,418.02
2020/10/10 13:00,218.20,4.02,11.78,63.80,118.33
2020/10/10 13:30,195.68,4.18,11.30,66.91,87.27
2020/10/10 14:00,188.03,4.38,10.68,70.45,244.06
2020/10/10 14:30,207.33,4.34,10.19,70.96,41.19
2020/10/10 15:00,227.66,2.94,10.10,72.99,50.70
2020/10/10 15:30,193.98,2.78,9.27,78.03,69.44
2020/10/10 16:00,191.52,2.13,9.67,77.15,131.86
2020/10/10 16:30,204.17,2.92,10.06,75.66,16.09
2020/10/10 17:00,228.27,3.59,10.31,73.57,4.38
2020/10/10 17:30,220.40,3.62,9.65,73.95,0.24
2020/10/10 18:00,216.96,4.11,9.47,75.63,0.24
2020/10/10 18:30,208.66,3.00,9.18,75.42,0.23
2020/10/10 19:00,212.74,3.48,9.11,76.07,0.24
2020/10/10 19:30,205.43,3.11,8.93,78.76,0.23
2020/10/10 20:00,206.14,3.11,8.92,78.52,0.24
2020/10/10 20:30,208.22,2.99,8.92,79.17,0.24
2020/10/10 21:00,212.87,3.30,9.11,79.44,0.23
2020/10/10 21:30,211.52,3.63,9.23,78.28,0.24
2020/10/10 22:00,195.78,2.83,8.81,80.34,0.24
2020/10/10 22:30,201.51,2.86,8.77,81.79,0.24
2020/10/10 23:00,200.78,2.63,8.68,83.00,0.25
2020/10/10 23:30,194.98,2.67,8.75,82.48,0.24
2020/10/11 0:00,204.53,3.08,9.06,80.63,0.24
2020/10/11 0:30,194.93,2.70,8.96,81.11,0.24
2020/10/11 1:00,192.98,3.13,8.85,83.92,0.25
2020/10/11 1:30,193.00,3.29,8.93,85.46,0.23
2020/10/11 2:00,192.74,3.24,9.10,84.32,0.23
2020/10/11 2:30,199.81,3.18,9.39,82.42,0.24
2020/10/11 3:00,203.89,3.68,9.38,79.65,0.25
2020/10/11 3:30,192.61,3.29,9.10,80.56,0.24
2020/10/11 4:00,195.58,2.84,9.01,81.54,0.24
2020/10/11 4:30,196.03,2.50,8.85,82.45,0.24
2020/10/11 5:00,194.70,2.67,8.89,83.41,0.24
2020/10/11 5:30,206.40,2.73,8.92,83.96,0.25
2020/10/11 6:00,199.45,2.59,8.84,83.85,0.25
2020/10/11 6:30,187.87,2.93,8.50,86.56,5.37
2020/10/11 7:00,186.73,3.31,8.81,85.98,25.53
2020/10/11 7:30,194.99,3.36,9.48,83.52,127.55
2020/10/11 8:00,197.69,3.38,10.11,80.42,183.76
2020/10/11 8:30,195.42,3.62,10.56,77.34,239.38
2020/10/11 9:00,192.94,4.74,10.27,78.00,283.18
2020/10/11 9:30,205.02,4.05,10.96,73.92,352.74
2020/10/11 10:00,196.08,4.35,11.11,71.93,366.83
2020/10/11 10:30,201.48,4.57,11.28,69.94,401.06
2020/10/11 11:00,183.69,4.76,11.23,70.03,425.03
2020/10/11 11:30,198.75,3.83,11.68,67.90,320.12
2020/10/11 12:00,185.59,4.07,11.98,66.58,430.56
2020/10/11 12:30,173.30,3.71,12.76,63.86,364.60
2020/10/11 13:00,181.44,4.56,12.43,63.74,417.90
2020/10/11 13:30,176.82,4.58,12.44,62.90,346.25
2020/10/11 14:00,185.86,3.79,12.60,61.55,212.21
2020/10/11 14:30,178.93,4.01,12.35,61.97,173.14
2020/10/11 15:00,179.17,3.51,12.35,62.63,159.20
2020/10/11 15:30,179.29,4.26,12.14,62.46,105.65
2020/10/11 16:00,184.38,3.73,11.53,66.51,35.28
2020/10/11 16:30,185.01,3.48,11.18,68.91,15.79
2020/10/11 17:00,188.18,3.00,10.80,70.62,3.83
2020/10/11 17:30,188.91,2.08,10.50,71.65,0.28
2020/10/11 18:00,196.70,1.80,10.21,72.70,0.28
2020/10/11 18:30,186.85,1.69,9.89,73.88,0.23
2020/10/11 19:00,207.38,1.18,9.89,74.33,0.24
2020/10/11 19:30,259.81,1.01,11.32,69.36,0.23
2020/10/11 20:00,275.24,1.17,12.76,62.78,0.23
2020/10/11 20:30,294.05,1.32,13.46,60.58,0.23
2020/10/11 21:00,279.52,1.41,13.26,61.10,0.24
2020/10/11 21:30,284.26,1.62,12.76,62.97,0.25
2020/10/11 22:00,288.73,1.78,12.34,63.96,0.25
2020/10/11 22:30,293.55,1.48,12.38,64.17,0.24
2020/10/11 23:00,294.51,1.59,12.07,65.02,0.25
2020/10/11 23:30,300.79,1.34,11.48,67.28,0.23
2020/10/12 0:00,321.44,0.78,10.88,69.49,0.24
2020/10/12 0:30,298.14,0.95,11.22,67.97,0.24
2020/10/12 1:00,291.29,1.48,11.10,68.99,0.24
2020/10/12 1:30,268.47,1.57,10.31,71.49,0.26
2020/10/12 2:00,243.64,1.32,8.68,79.19,0.24
2020/10/12 2:30,235.12,1.45,8.81,79.21,0.25
2020/10/12 3:00,261.27,1.49,11.00,69.51,0.25
2020/10/12 3:30,280.32,2.77,9.19,75.53,0.25
2020/10/12 4:00,262.31,2.40,8.68,79.42,0.24
2020/10/12 4:30,263.95,1.87,8.57,80.52,0.26
2020/10/12 5:00,275.16,1.72,10.06,73.34,0.25
2020/10/12 5:30,244.53,1.37,7.86,82.82,0.25
2020/10/12 6:00,255.03,1.70,8.03,83.01,0.26
2020/10/12 6:30,272.09,2.42,8.56,82.17,11.06
2020/10/12 7:00,260.89,1.46,8.06,83.22,50.50
2020/10/12 7:30,258.83,1.24,9.21,78.61,111.08
2020/10/12 8:00,273.07,1.01,10.80,72.78,174.71
2020/10/12 8:30,270.36,1.47,11.63,70.27,235.38
2020/10/12 9:00,265.92,1.53,12.02,70.10,302.31
2020/10/12 9:30,247.75,1.54,12.27,68.51,302.92
2020/10/12 10:00,251.02,1.86,12.51,66.67,322.57
2020/10/12 10:30,233.21,1.88,12.93,63.88,267.32
2020/10/12 11:00,265.03,1.92,14.30,60.49,400.59
2020/10/12 11:30,254.74,2.87,13.68,60.74,430.16
2020/10/12 12:00,253.15,2.08,14.05,59.54,282.56
2020/10/12 12:30,265.19,2.42,13.89,59.04,292.48
2020/10/12 13:00,286.14,3.52,12.93,60.21,94.85
2020/10/12 13:30,288.06,2.27,14.36,56.94,100.68
2020/10/12 14:00,269.76,2.39,13.56,60.57,182.88
2020/10/12 14:30,253.06,3.24,13.18,60.49,120.30
2020/10/12 15:00,254.77,2.88,13.35,62.25,73.45
2020/10/12 15:30,260.16,2.51,13.10,63.35,59.29
2020/10/12 16:00,237.86,2.27,12.80,63.06,41.87
2020/10/12 16:30,244.90,2.42,12.18,65.58,14.91
2020/10/12 17:00,285.34,2.12,12.93,66.03,2.21
2020/10/12 17:30,250.34,2.25,11.73,72.07,0.22
2020/10/12 18:00,231.08,1.81,11.42,71.57,0.22
2020/10/12 18:30,221.58,1.06,10.64,72.62,0.28
2020/10/12 19:00,212.96,1.25,10.39,72.30,0.28
2020/10/12 19:30,233.94,1.19,10.86,68.49,0.24
2020/10/12 20:00,224.17,1.53,10.39,71.82,0.22
2020/10/12 20:30,243.43,1.04,10.30,73.76,0.23
2020/10/12 21:00,222.07,1.54,10.27,75.18,0.24
2020/10/12 21:30,214.56,1.83,10.00,79.17,0.24
2020/10/12 22:00,216.04,1.50,10.09,80.45,0.23
2020/10/12 22:30,231.38,1.38,10.42,79.54,0.23
2020/10/12 23:00,229.50,1.46,10.52,77.91,0.24
2020/10/12 23:30,223.74,1.48,10.22,79.23,0.25
2020/10/13 0:00,226.27,1.56,10.53,77.32,0.23
2020/10/13 0:30,224.58,1.70,10.35,78.68,0.24
2020/10/13 1:00,225.17,1.44,10.39,79.00,0.24
2020/10/13 1:30,233.22,1.45,10.56,76.85,0.24
2020/10/13 2:00,232.09,1.73,10.40,76.47,0.25
2020/10/13 2:30,222.12,1.89,10.23,76.57,0.25
2020/10/13 3:00,227.07,1.83,10.31,78.48,0.24
2020/10/13 3:30,246.64,1.81,10.94,78.32,0.24
2020/10/13 4:00,178.44,0.97,10.10,81.87,0.23
2020/10/13 4:30,83.87,1.30,11.10,77.88,0.24
2020/10/13 5:00,347.78,0.82,11.84,73.02,0.25
2020/10/13 5:30,324.90,1.67,12.13,71.35,0.24
2020/10/13 6:00,354.35,0.90,11.57,73.16,0.25
2020/10/13 6:30,57.16,1.49,11.47,74.42,8.49
2020/10/13 7:00,67.35,1.85,11.68,76.18,48.88
2020/10/13 7:30,89.42,1.74,11.97,77.67,118.80
2020/10/13 8:00,90.36,2.09,12.40,75.77,202.55
2020/10/13 8:30,82.36,2.59,12.18,75.10,252.26
2020/10/13 9:00,86.10,2.65,12.85,71.76,305.88
2020/10/13 9:30,77.07,2.81,12.40,73.84,338.24
2020/10/13 10:00,68.27,2.10,13.02,66.98,375.04
2020/10/13 10:30,62.13,2.31,12.93,64.83,404.35
2020/10/13 11:00,63.66,2.63,13.01,63.05,426.65
2020/10/13 11:30,75.91,2.57,13.02,59.60,437.52
2020/10/13 12:00,68.58,2.58,13.03,58.05,436.92
2020/10/13 12:30,54.96,2.47,12.80,56.92,425.08
2020/10/13 13:00,33.89,2.48,13.43,54.48,399.38
2020/10/13 13:30,28.90,2.33,13.36,56.54,363.84
2020/10/13 14:00,43.22,2.36,13.34,56.81,320.27
2020/10/13 14:30,55.36,2.42,13.60,55.49,273.58
2020/10/13 15:00,17.11,2.54,13.18,59.29,165.33
2020/10/13 15:30,6.42,2.70,12.51,62.68,115.99
2020/10/13 16:00,4.99,2.20,13.31,62.18,43.36
2020/10/13 16:30,3.82,2.26,13.02,64.92,24.95
2020/10/13 17:00,1.09,1.87,14.06,62.38,2.87
2020/10/13 17:30,357.37,1.58,14.78,59.81,0.28
2020/10/13 18:00,353.01,1.57,14.26,60.75,0.27
2020/10/13 18:30,2.95,2.52,13.14,63.39,0.28
2020/10/13 19:00,30.03,3.51,12.10,66.62,0.27
2020/10/13 19:30,23.48,4.35,11.64,69.41,0.27
2020/10/13 20:00,24.44,3.72,11.31,73.82,0.27
2020/10/13 20:30,22.00,4.69,10.94,74.81,0.27
2020/10/13 21:00,31.57,5.47,10.47,74.87,0.28
2020/10/13 21:30,36.61,6.17,10.05,73.36,0.28
2020/10/13 22:00,39.00,5.93,9.53,73.93,0.27
2020/10/13 22:30,34.75,5.80,9.18,74.59,0.29
2020/10/13 23:00,32.13,5.21,8.97,75.35,0.28
2020/10/13 23:30,22.35,5.00,9.01,72.92,0.25
2020/10/14 0:00,22.94,5.61,8.60,72.95,0.24
2020/10/14 0:30,21.12,5.29,8.38,71.37,0.24
2020/10/14 1:00,21.69,5.28,8.39,70.50,0.24
2020/10/14 1:30,17.49,5.86,8.28,73.60,0.24
2020/10/14 2:00,15.57,6.10,8.02,73.73,0.23
2020/10/14 2:30,19.53,5.86,7.84,75.47,0.24
2020/10/14 3:00,17.38,6.20,7.80,74.60,0.24
2020/10/14 3:30,14.77,6.36,7.86,74.61,0.23
2020/10/14 4:00,10.68,6.23,7.80,74.91,0.24
2020/10/14 4:30,6.71,5.35,7.63,74.97,0.24
2020/10/14 5:00,10.27,6.22,7.50,74.52,0.25
2020/10/14 5:30,6.90,6.42,7.23,74.03,0.25
2020/10/14 6:00,3.21,7.01,7.28,73.38,0.23
2020/10/14 6:30,1.52,7.01,7.28,73.27,5.19
2020/10/14 7:00,4.92,6.81,7.11,73.29,28.68
2020/10/14 7:30,3.44,7.69,7.15,73.01,72.59
2020/10/14 8:00,0.87,7.65,7.19,72.34,126.23
2020/10/14 8:30,359.87,6.98,7.55,70.90,217.99
2020/10/14 9:00,2.48,6.65,7.73,70.25,202.75
2020/10/14 9:30,1.00,6.59,7.78,70.93,178.65
2020/10/14 10:00,1.51,6.41,8.10,70.44,221.28
2020/10/14 10:30,1.67,5.87,8.80,68.29,320.44
2020/10/14 11:00,5.51,6.84,9.47,66.01,387.24
2020/10/14 11:30,5.52,7.24,10.05,62.81,426.51
2020/10/14 12:00,9.74,7.44,10.02,63.16,276.58
2020/10/14 12:30,15.36,7.88,10.10,62.39,141.62
2020/10/14 13:00,14.53,7.30,10.28,62.03,72.98
2020/10/14 13:30,8.01,6.63,10.39,61.94,74.98
2020/10/14 14:00,13.21,6.37,10.55,61.42,55.90
2020/10/14 14:30,15.24,7.52,10.53,60.76,51.05
2020/10/14 15:00,22.92,7.04,10.48,60.10,46.63
2020/10/14 15:30,13.94,7.12,10.40,59.23,86.16
2020/10/14 16:00,8.50,7.32,10.26,59.64,48.67
2020/10/14 16:30,5.30,7.49,9.77,61.67,18.85
2020/10/14 17:00,7.92,7.31,9.56,63.28,1.71
2020/10/14 17:30,7.56,6.89,9.17,64.28,0.23
2020/10/14 18:00,12.05,6.90,9.17,65.22,0.25
2020/10/14 18:30,9.88,6.75,8.93,65.86,0.24
2020/10/14 19:00,3.37,6.63,8.72,66.76,0.24
2020/10/14 19:30,6.95,6.49,8.60,67.00,0.23
2020/10/14 20:00,6.14,6.51,8.36,67.30,0.24
2020/10/14 20:30,3.12,6.32,8.28,66.64,0.24
2020/10/14 21:00,2.37,6.24,8.35,65.30,0.24
2020/10/14 21:30,358.97,6.56,8.31,65.29,0.23
2020/10/14 22:00,3.18,6.41,8.35,65.05,0.25
2020/10/14 22:30,0.13,6.77,8.48,63.35,0.23
2020/10/14 23:00,358.84,6.85,8.52,62.48,0.25
2020/10/14 23:30,2.69,6.79,8.52,62.16,0.25
2020/10/15 0:00,2.51,6.67,8.46,62.09,0.25
2020/10/15 0:30,358.76,6.26,8.27,63.13,0.24
2020/10/15 1:00,0.63,7.54,8.01,63.58,0.25
2020/10/15 1:30,3.62,7.03,7.92,63.22,0.25
2020/10/15 2:00,359.01,7.68,7.78,64.25,0.26
2020/10/15 2:30,0.64,7.63,7.67,64.95,0.24
2020/10/15 3:00,355.99,7.38,7.57,64.97,0.24
2020/10/15 3:30,358.46,6.82,7.69,64.47,0.26
2020/10/15 4:00,3.18,7.36,7.63,64.48,0.24
2020/10/15 4:30,358.34,7.33,7.44,64.32,0.26
2020/10/15 5:00,358.25,6.88,7.21,65.11,0.25
2020/10/15 5:30,1.01,6.98,7.28,64.05,0.26
2020/10/15 6:00,359.63,6.74,7.19,63.11,0.25
2020/10/15 6:30,357.92,5.94,7.17,62.35,3.34
2020/10/15 7:00,354.25,5.68,7.28,61.97,23.24
2020/10/15 7:30,355.93,5.49,7.21,62.29,48.71
2020/10/15 8:00,358.77,6.22,7.28,62.43,111.43
2020/10/15 8:30,357.30,5.63,7.40,62.13,138.66
2020/10/15 9:00,358.65,6.14,7.92,60.73,245.90
2020/10/15 9:30,2.59,6.00,8.31,59.89,344.11
2020/10/15 10:00,1.43,5.82,8.40,60.00,376.18
2020/10/15 10:30,1.23,5.54,8.68,59.29,407.86
2020/10/15 11:00,3.65,6.10,8.72,59.72,427.17
2020/10/15 11:30,359.01,5.88,9.05,58.90,435.97
2020/10/15 12:00,3.27,5.75,9.10,58.83,432.46
2020/10/15 12:30,12.26,5.61,9.06,59.30,420.42
2020/10/15 13:00,5.35,5.04,9.51,57.80,395.61
2020/10/15 13:30,8.72,5.36,9.43,57.69,341.59
2020/10/15 14:00,7.92,4.93,9.56,56.99,251.46
2020/10/15 14:30,9.58,4.21,9.64,57.48,213.82
2020/10/15 15:00,2.52,4.19,9.72,56.79,129.33
2020/10/15 15:30,4.24,4.75,9.47,58.05,72.15
2020/10/15 16:00,15.22,4.82,9.31,58.87,34.66
2020/10/15 16:30,21.07,4.28,9.21,58.89,17.67
2020/10/15 17:00,24.95,3.88,8.98,58.89,1.88
2020/10/15 17:30,21.85,3.53,8.97,58.52,0.24
2020/10/15 18:00,1.21,3.32,8.98,58.40,0.23
2020/10/15 18:30,344.19,2.41,9.80,55.80,0.24
2020/10/15 19:00,327.06,2.42,9.67,56.65,0.24
2020/10/15 19:30,331.09,2.50,9.36,58.62,0.23
2020/10/15 20:00,355.52,2.49,9.09,60.23,0.24
2020/10/15 20:30,35.47,3.34,8.50,64.27,0.24
2020/10/15 21:00,30.80,3.40,8.39,64.88,0.26
2020/10/15 21:30,23.03,3.38,8.23,65.15,0.25
2020/10/15 22:00,23.88,3.75,8.17,63.47,0.25
2020/10/15 22:30,27.73,3.61,8.25,63.27,0.25
2020/10/15 23:00,33.72,3.19,7.84,67.61,0.26
2020/10/15 23:30,39.48,3.07,7.76,68.83,0.24
2020/10/16 0:00,39.64,2.63,8.01,67.25,0.24
2020/10/16 0:30,33.99,2.82,8.32,65.35,0.25
2020/10/16 1:00,32.39,2.44,8.47,64.21,0.25
2020/10/16 1:30,7.60,2.48,8.84,62.79,0.25
2020/10/16 2:00,330.52,2.50,9.80,59.51,0.24
2020/10/16 2:30,326.89,2.86,7.69,67.76,0.25
2020/10/16 3:00,328.43,2.96,6.82,69.78,0.25
2020/10/16 3:30,327.73,2.98,6.67,70.24,0.25
2020/10/16 4:00,333.43,2.64,6.32,72.40,0.25
2020/10/16 4:30,332.76,2.84,5.98,75.94,0.25
2020/10/16 5:00,325.53,2.77,6.28,75.11,0.26
2020/10/16 5:30,332.55,2.75,6.44,74.72,0.26
2020/10/16 6:00,333.07,2.30,7.86,69.58,0.24
2020/10/16 6:30,327.15,2.69,9.56,61.76,4.71
2020/10/16 7:00,333.49,2.91,7.90,69.24,38.39
2020/10/16 7:30,340.89,2.56,8.64,69.18,95.73
2020/10/16 8:00,351.56,2.08,9.73,70.17,139.22
2020/10/16 8:30,359.01,2.25,9.60,75.27,214.66
2020/10/16 9:00,350.08,2.77,10.31,74.65,262.35
2020/10/16 9:30,357.46,3.14,10.65,70.45,299.74
2020/10/16 10:00,351.23,2.98,11.46,63.88,351.43
2020/10/16 10:30,345.38,3.01,11.77,60.33,386.90
2020/10/16 11:00,349.55,2.83,12.35,56.91,417.96
2020/10/16 11:30,27.40,3.07,12.17,57.72,338.34
2020/10/16 12:00,6.85,3.57,11.55,60.60,304.28
2020/10/16 12:30,1.09,3.71,11.35,63.95,251.31
2020/10/16 13:00,5.36,3.54,11.36,62.34,199.23
2020/10/16 13:30,2.20,3.26,11.50,61.22,192.54
2020/10/16 14:00,350.04,2.85,12.31,59.88,103.97
2020/10/16 14:30,353.73,2.30,13.13,57.59,118.36
2020/10/16 15:00,9.30,2.62,12.43,60.90,94.24
2020/10/16 15:30,17.98,2.87,11.77,63.73,74.58
2020/10/16 16:00,354.41,2.17,12.30,62.09,27.69
2020/10/16 16:30,356.93,1.54,12.57,62.56,7.49
2020/10/16 17:00,39.97,2.80,11.89,64.10,0.47
2020/10/16 17:30,37.29,3.44,10.81,67.88,0.23
2020/10/16 18:00,41.58,3.96,10.72,67.74,0.24
2020/10/16 18:30,38.81,3.71,10.53,67.48,0.24
2020/10/16 19:00,43.39,4.30,10.34,68.95,0.23
2020/10/16 19:30,45.25,4.23,10.06,70.85,0.22
2020/10/16 20:00,38.36,3.60,10.09,70.27,0.22
2020/10/16 20:30,40.24,3.66,9.89,69.00,0.23
2020/10/16 21:00,42.51,4.23,9.59,67.91,0.24
2020/10/16 21:30,45.59,4.28,9.52,67.80,0.23
2020/10/16 22:00,46.01,4.36,9.26,69.41,0.23
2020/10/16 22:30,46.70,3.69,9.31,70.23,0.24
2020/10/16 23:00,40.75,3.27,9.13,71.86,0.24
2020/10/16 23:30,27.06,2.17,9.65,70.40,0.24
2020/10/17 0:00,41.74,3.27,8.86,72.90,0.24
2020/10/17 0:30,49.76,3.73,8.56,74.28,0.23
2020/10/17 1:00,43.19,3.88,8.32,75.42,0.24
2020/10/17 1:30,46.80,3.75,8.03,76.33,0.24
2020/10/17 2:00,42.15,3.51,7.78,78.00,0.24
2020/10/17 2:30,32.40,3.07,7.76,79.04,0.24
2020/10/17 3:00,32.03,2.91,7.67,79.70,0.24
2020/10/17 3:30,34.88,2.31,8.18,77.59,0.24
2020/10/17 4:00,16.21,1.94,8.52,75.84,0.25
2020/10/17 4:30,6.34,1.79,8.82,74.00,0.24
2020/10/17 5:00,8.66,1.88,8.78,73.89,0.25
2020/10/17 5:30,20.94,2.00,7.92,78.76,0.24
2020/10/17 6:00,19.50,2.22,7.69,79.61,0.24
2020/10/17 6:30,22.75,2.16,7.73,79.51,4.22
2020/10/17 7:00,30.86,2.30,7.44,80.48,33.01
2020/10/17 7:30,28.15,1.97,8.22,76.73,91.22
2020/10/17 8:00,29.85,2.31,8.35,76.69,153.80
2020/10/17 8:30,32.02,2.42,9.05,73.85,214.15
2020/10/17 9:00,33.22,2.62,8.84,72.97,271.09
2020/10/17 9:30,35.95,2.22,9.75,65.62,319.72
2020/10/17 10:00,26.57,2.08,9.48,67.45,358.12
2020/10/17 10:30,28.07,1.97,10.01,64.77,389.42
2020/10/17 11:00,49.97,2.62,9.46,65.36,411.12
2020/10/17 11:30,47.73,2.30,10.07,63.27,433.44
2020/10/17 12:00,39.09,2.07,10.32,61.29,305.31
2020/10/17 12:30,28.67,1.70,11.01,57.35,253.20
2020/10/17 13:00,24.37,1.42,12.15,52.56,394.54
2020/10/17 13:30,314.78,2.75,12.18,50.30,287.55
2020/10/17 14:00,304.75,2.74,11.59,52.46,139.66
2020/10/17 14:30,300.11,2.62,12.02,51.57,92.51
2020/10/17 15:00,294.70,2.86,11.82,51.58,69.07
2020/10/17 15:30,288.32,3.06,11.25,53.33,32.44
2020/10/17 16:00,261.31,2.59,10.89,56.33,28.99
2020/10/17 16:30,253.37,3.14,10.46,59.96,14.86
2020/10/17 17:00,245.40,2.86,10.32,62.84,0.71
2020/10/17 17:30,236.48,2.39,9.85,66.57,0.26
2020/10/17 18:00,221.55,2.96,9.63,67.52,0.23
2020/10/17 18:30,221.93,3.05,9.57,66.13,0.23
2020/10/17 19:00,216.23,3.38,9.43,66.82,0.23
2020/10/17 19:30,226.96,3.81,9.56,66.99,0.24
2020/10/17 20:00,227.63,3.71,9.81,66.75,0.23
2020/10/17 20:30,220.88,4.53,9.55,69.21,0.23
2020/10/17 21:00,222.21,4.36,9.47,71.45,0.23
2020/10/17 21:30,215.68,4.23,9.52,72.90,0.24
2020/10/17 22:00,218.57,4.75,9.56,74.04,0.24
2020/10/17 22:30,215.35,4.20,9.50,76.16,0.25
2020/10/17 23:00,216.07,4.46,9.60,77.65,0.24
2020/10/17 23:30,229.12,4.56,9.65,79.65,0.24
2020/10/18 0:00,245.58,5.67,9.28,86.41,0.25
2020/10/18 0:30,246.16,6.21,9.17,86.38,0.24
2020/10/18 1:00,247.26,5.74,8.97,88.46,0.23
2020/10/18 1:30,245.45,5.14,9.28,86.00,0.24
2020/10/18 2:00,251.22,5.46,9.55,81.34,0.24
2020/10/18 2:30,261.25,5.60,9.67,76.92,0.25
2020/10/18 3:00,264.10,5.44,9.77,75.18,0.25
2020/10/18 3:30,260.16,5.19,10.01,75.25,0.24
2020/10/18 4:00,262.58,5.04,9.96,75.38,0.24
2020/10/18 4:30,260.14,4.69,9.72,74.93,0.22
2020/10/18 5:00,274.09,5.01,9.35,75.49,0.24
2020/10/18 5:30,266.36,4.95,9.35,74.66,0.24
2020/10/18 6:00,273.30,4.39,9.27,74.54,0.23
2020/10/18 6:30,302.08,4.26,9.43,74.98,1.61
2020/10/18 7:00,325.00,4.14,9.02,76.31,19.36
2020/10/18 7:30,331.31,4.10,8.59,71.27,59.92
2020/10/18 8:00,328.98,2.96,9.38,64.68,123.41
2020/10/18 8:30,321.79,2.93,10.03,61.72,212.89
2020/10/18 9:00,315.84,3.73,9.86,61.89,226.09
2020/10/18 9:30,327.06,4.37,9.85,59.19,234.88
2020/10/18 10:00,331.67,4.36,9.73,57.48,324.55
2020/10/18 10:30,321.09,4.47,9.93,51.22,360.81
2020/10/18 11:00,319.82,4.59,9.56,45.70,279.40
2020/10/18 11:30,319.20,3.94,9.89,44.73,260.77
2020/10/18 12:00,331.53,4.18,10.53,40.45,411.34
2020/10/18 12:30,316.20,4.15,10.46,40.33,408.29
2020/10/18 13:00,305.89,4.90,10.39,41.33,376.64
2020/10/18 13:30,287.24,4.71,10.63,41.46,378.16
2020/10/18 14:00,283.74,4.41,10.88,40.83,304.88
2020/10/18 14:30,282.05,4.65,10.69,42.53,189.55
2020/10/18 15:00,313.78,3.80,10.76,45.16,157.95
2020/10/18 15:30,302.52,2.61,11.51,45.42,113.23
2020/10/18 16:00,281.86,2.54,11.25,46.77,45.15
2020/10/18 16:30,318.58,3.46,9.57,57.62,2.40
2020/10/18 17:00,3.44,1.56,9.40,63.39,0.32
2020/10/18 17:30,100.33,0.84,9.31,63.30,0.24
2020/10/18 18:00,290.15,1.79,9.68,62.53,0.27
2020/10/18 18:30,217.93,1.99,7.98,69.45,0.28
2020/10/18 19:00,232.04,2.54,8.34,68.15,0.25
2020/10/18 19:30,250.00,3.33,8.10,67.63,0.24
2020/10/18 20:00,261.70,3.18,7.76,67.42,0.24
2020/10/18 20:30,253.97,3.22,7.53,68.02,0.23
2020/10/18 21:00,252.26,3.26,7.21,69.71,0.24
2020/10/18 21:30,254.92,3.57,6.96,70.44,0.23
2020/10/18 22:00,253.59,3.88,6.69,70.97,0.24
2020/10/18 22:30,246.71,3.06,6.80,70.11,0.24
2020/10/18 23:00,239.76,2.30,6.36,71.87,0.23
2020/10/18 23:30,234.52,2.20,5.98,72.48,0.23
2020/10/19 0:00,239.96,2.58,5.96,72.29,0.25
2020/10/19 0:30,245.85,2.90,5.76,73.06,0.25
2020/10/19 1:00,241.36,2.73,6.15,71.64,0.25
2020/10/19 1:30,237.71,2.15,5.40,74.09,0.25
2020/10/19 2:00,230.55,2.41,5.34,74.66,0.25
2020/10/19 2:30,232.99,2.59,5.46,75.44,0.25
2020/10/19 3:00,232.75,2.31,5.23,76.42,0.25
2020/10/19 3:30,238.16,2.74,5.21,76.51,0.27
2020/10/19 4:00,231.32,2.23,5.05,76.81,0.25
2020/10/19 4:30,228.16,2.92,5.32,77.09,0.26
2020/10/19 5:00,227.53,3.06,5.63,77.65,0.26
2020/10/19 5:30,233.79,3.20,5.98,77.43,0.26
2020/10/19 6:00,243.38,3.28,5.96,78.16,0.26
2020/10/19 6:30,232.93,2.84,5.96,78.26,2.05
2020/10/19 7:00,230.62,2.67,6.03,78.53,27.01
2020/10/19 7:30,231.09,2.24,6.63,76.94,76.95
2020/10/19 8:00,229.16,2.36,7.13,75.83,87.84
2020/10/19 8:30,226.13,2.79,7.82,74.71,206.72
2020/10/19 9:00,248.85,3.83,8.44,73.35,143.96
2020/10/19 9:30,249.12,4.00,9.03,70.81,291.30
2020/10/19 10:00,254.42,5.35,9.53,67.75,331.42
2020/10/19 10:30,262.69,5.11,9.97,65.45,285.38
2020/10/19 11:00,260.30,5.45,10.43,62.16,382.41
2020/10/19 11:30,281.07,5.77,10.18,58.19,151.04
2020/10/19 12:00,280.00,5.06,10.35,55.84,174.69
2020/10/19 12:30,263.85,4.90,10.56,54.20,210.70
2020/10/19 13:00,261.28,5.54,10.68,52.38,210.79
2020/10/19 13:30,259.35,5.01,10.72,52.58,172.51
2020/10/19 14:00,254.40,3.88,10.92,53.74,175.38
2020/10/19 14:30,264.30,4.81,10.97,51.96,211.73
2020/10/19 15:00,263.43,3.58,11.03,52.63,101.66
2020/10/19 15:30,261.52,3.03,11.32,52.20,84.61
2020/10/19 16:00,257.84,3.12,10.59,56.35,35.42
2020/10/19 16:30,256.17,2.27,10.42,58.70,10.30
2020/10/19 17:00,234.11,1.63,9.85,61.21,0.23
2020/10/19 17:30,214.81,1.65,9.05,63.90,0.24
2020/10/19 18:00,205.33,2.07,8.77,65.02,0.24
2020/10/19 18:30,211.88,2.18,8.77,64.15,0.25
2020/10/19 19:00,211.40,2.00,8.67,65.19,0.25
2020/10/19 19:30,185.91,2.08,8.39,69.16,0.23
2020/10/19 20:00,180.35,1.81,8.52,70.75,0.24
2020/10/19 20:30,184.28,1.89,8.53,73.43,0.25
2020/10/19 21:00,170.05,2.20,8.64,76.29,0.24
2020/10/19 21:30,182.91,2.52,8.50,80.03,0.24
2020/10/19 22:00,180.58,2.20,8.40,82.78,0.26
2020/10/19 22:30,188.90,2.06,8.50,85.03,0.24
2020/10/19 23:00,177.62,2.14,8.72,87.35,0.24
2020/10/19 23:30,187.17,2.51,9.19,86.21,0.24
2020/10/20 0:00,186.49,3.20,9.42,85.15,0.25
2020/10/20 0:30,185.88,3.49,9.43,85.86,0.25
2020/10/20 1:00,181.99,3.12,9.42,86.44,0.25
2020/10/20 1:30,184.55,3.44,9.69,84.50,0.24
2020/10/20 2:00,186.79,3.60,9.86,82.49,0.24
2020/10/20 2:30,183.23,3.24,9.82,81.33,0.26
2020/10/20 3:00,187.78,2.78,9.75,81.24,0.26
2020/10/20 3:30,176.99,3.13,9.90,80.96,0.24
2020/10/20 4:00,171.26,2.62,9.92,81.98,0.25
2020/10/20 4:30,175.84,3.56,10.10,81.61,0.24
2020/10/20 5:00,175.71,3.80,10.31,80.83,0.24
2020/10/20 5:30,171.94,3.91,10.47,79.77,0.25
2020/10/20 6:00,172.69,4.13,10.52,80.59,0.25
2020/10/20 6:30,171.60,3.71,10.56,81.18,0.72
2020/10/20 7:00,162.30,3.36,10.63,79.39,8.72
2020/10/20 7:30,164.77,3.84,10.93,76.19,29.94
2020/10/20 8:00,161.30,4.05,11.13,76.92,71.56
2020/10/20 8:30,158.24,4.54,11.15,74.57,95.04
2020/10/20 9:00,159.22,4.04,11.64,65.76,133.71
2020/10/20 9:30,162.11,4.29,11.84,59.36,149.83
2020/10/20 10:00,159.49,6.61,11.61,58.05,147.05
2020/10/20 10:30,158.29,6.32,11.60,57.19,122.56
2020/10/20 11:00,151.48,5.93,11.52,57.33,134.12
2020/10/20 11:30,150.06,6.08,11.71,57.54,114.14
2020/10/20 12:00,145.08,6.28,11.60,58.23,77.23
2020/10/20 12:30,148.20,7.00,11.60,58.23,51.78
2020/10/20 13:00,150.46,5.99,11.31,60.27,59.93
2020/10/20 13:30,146.51,5.44,11.38,61.03,117.97
2020/10/20 14:00,149.98,6.62,11.32,62.89,168.34
2020/10/20 14:30,151.52,6.33,11.19,65.19,114.19
2020/10/20 15:00,147.61,5.52,11.06,68.08,63.46
2020/10/20 15:30,154.46,4.54,11.17,69.03,29.36
2020/10/20 16:00,162.30,4.81,11.15,67.80,12.36
2020/10/20 16:30,170.40,6.52,10.92,68.87,2.48
2020/10/20 17:00,162.95,5.91,10.78,71.58,0.24
2020/10/20 17:30,164.82,5.98,10.67,72.35,0.25
2020/10/20 18:00,169.09,5.46,10.65,73.40,0.23
2020/10/20 18:30,169.34,5.64,10.65,74.18,0.24
2020/10/20 19:00,176.14,6.31,10.69,76.22,0.26
2020/10/20 19:30,174.70,6.20,10.88,74.44,0.24
2020/10/20 20:00,184.06,5.58,10.80,75.74,0.24
2020/10/20 20:30,183.88,5.21,10.61,78.19,0.24
2020/10/20 21:00,182.89,4.36,10.39,82.18,0.23
2020/10/20 21:30,187.75,3.75,10.38,84.31,0.24
2020/10/20 22:00,188.47,4.47,10.31,85.76,0.24
2020/10/20 22:30,184.85,4.44,10.38,86.32,0.23
2020/10/20 23:00,178.82,4.11,10.52,86.84,0.25
2020/10/20 23:30,186.95,4.20,10.59,87.98,0.25
2020/10/21 0:00,188.68,4.05,10.72,88.26,0.24
2020/10/21 0:30,197.54,3.14,11.00,87.98,0.23
2020/10/21 1:00,196.87,3.07,11.05,88.37,0.24
2020/10/21 1:30,208.14,3.44,11.42,87.14,0.24
2020/10/21 2:00,204.97,3.37,11.47,87.10,0.24
2020/10/21 2:30,211.35,3.58,11.39,88.20,0.24
2020/10/21 3:00,195.88,3.10,11.26,90.26,0.24
2020/10/21 3:30,193.38,3.23,11.27,92.16,0.25
2020/10/21 4:00,198.63,2.80,11.43,91.08,0.24
2020/10/21 4:30,187.14,3.16,11.34,91.86,0.24
2020/10/21 5:00,189.02,3.30,11.38,91.73,0.24
2020/10/21 5:30,184.72,3.32,11.36,92.09,0.24
2020/10/21 6:00,187.50,4.13,11.48,92.25,0.24
2020/10/21 6:30,180.82,3.67,11.64,92.10,0.48
2020/10/21 7:00,178.11,3.81,11.72,92.54,4.18
2020/10/21 7:30,176.11,3.66,11.96,92.49,8.46
2020/10/21 8:00,178.36,3.55,11.93,93.94,13.12
2020/10/21 8:30,174.24,3.09,12.03,94.37,17.76
2020/10/21 9:00,172.77,2.95,12.14,94.52,22.25
2020/10/21 9:30,171.42,2.92,12.35,93.90,18.63
2020/10/21 10:00,171.05,3.26,12.31,93.97,30.11
2020/10/21 10:30,176.38,3.57,12.23,94.06,26.46
2020/10/21 11:00,175.89,3.67,12.21,94.12,23.28
2020/10/21 11:30,174.51,3.74,12.27,93.75,24.80
2020/10/21 12:00,173.05,3.81,12.22,93.97,45.02
2020/10/21 12:30,173.19,4.12,12.34,93.82,57.59
2020/10/21 13:00,170.79,3.95,12.42,93.24,62.20
2020/10/21 13:30,167.64,3.64,12.55,92.78,38.94
2020/10/21 14:00,165.70,4.31,12.35,93.30,27.08
2020/10/21 14:30,166.11,4.59,12.28,93.33,29.47
2020/10/21 15:00,164.41,4.65,12.27,93.12,22.11
2020/10/21 15:30,166.22,4.47,12.28,92.72,13.53
2020/10/21 16:00,165.79,4.43,12.17,92.43,1.81
2020/10/21 16:30,170.67,5.59,12.07,92.50,0.92
2020/10/21 17:00,167.48,5.75,11.93,93.64,0.23
2020/10/21 17:30,163.21,5.41,12.06,93.49,0.23
2020/10/21 18:00,162.58,6.29,12.10,93.26,0.24
2020/10/21 18:30,166.49,5.77,12.18,93.20,0.23
2020/10/21 19:00,170.21,6.73,12.27,92.52,0.23
2020/10/21 19:30,172.11,6.48,12.35,91.58,0.24
2020/10/21 20:00,172.12,6.34,12.42,90.71,0.24
2020/10/21 20:30,171.80,6.23,12.61,88.14,0.23
2020/10/21 21:00,173.70,6.24,12.84,85.64,0.23
2020/10/21 21:30,179.41,5.82,13.05,83.42,0.23
2020/10/21 22:00,176.72,6.46,13.32,81.43,0.24
2020/10/21 22:30,176.49,6.73,13.65,79.91,0.24
2020/10/21 23:00,175.67,6.87,13.81,78.93,0.24
2020/10/21 23:30,178.70,6.80,14.18,77.09,0.24
2020/10/22 0:00,184.72,7.84,14.72,74.54,0.23
2020/10/22 0:30,187.10,8.27,15.06,73.72,0.24
2020/10/22 1:00,190.42,7.65,15.15,75.67,0.24
2020/10/22 1:30,194.66,7.70,14.67,83.46,0.23
2020/10/22 2:00,200.46,8.00,14.57,83.80,0.23
2020/10/22 2:30,206.89,7.99,14.67,82.19,0.25
2020/10/22 3:00,214.55,8.87,14.31,84.48,0.23
2020/10/22 3:30,221.20,8.63,14.10,85.64,0.24
2020/10/22 4:00,228.28,8.50,14.30,83.19,0.25
2020/10/22 4:30,241.08,10.02,14.72,78.44,0.24
2020/10/22 5:00,244.70,10.58,14.68,77.81,0.25
2020/10/22 5:30,245.89,10.29,14.60,78.06,0.28
2020/10/22 6:00,246.86,9.73,14.51,77.46,0.28
2020/10/22 6:30,247.41,8.98,14.52,77.66,0.96
2020/10/22 7:00,248.20,9.27,14.46,78.27,13.45
2020/10/22 7:30,245.95,8.44,14.39,78.56,33.15
2020/10/22 8:00,238.68,6.35,14.52,78.53,30.17
2020/10/22 8:30,226.28,4.80,14.14,84.59,18.93
2020/10/22 9:00,217.98,5.69,13.78,88.84,68.06
2020/10/22 9:30,217.01,6.25,14.19,86.74,95.85
2020/10/22 10:00,217.84,6.25,14.61,83.57,206.05
2020/10/22 10:30,222.63,6.25,15.18,79.04,321.18
2020/10/22 11:00,216.82,7.46,15.42,76.12,243.75
2020/10/22 11:30,210.60,6.38,15.50,75.32,318.25
2020/10/22 12:00,216.47,7.09,15.60,71.13,309.70
2020/10/22 12:30,217.80,7.49,15.53,68.10,278.71
2020/10/22 13:00,222.33,8.09,15.50,65.22,209.67
2020/10/22 13:30,218.51,7.06,15.47,67.10,165.94
2020/10/22 14:00,213.59,7.14,15.25,68.50,60.41
2020/10/22 14:30,206.73,7.10,14.93,70.16,49.33
2020/10/22 15:00,206.51,6.78,14.93,70.98,64.32
2020/10/22 15:30,209.41,5.75,14.96,70.77,32.79
2020/10/22 16:00,209.73,6.06,14.76,71.62,19.61
2020/10/22 16:30,205.75,5.79,14.60,72.03,4.54
2020/10/22 17:00,206.89,5.85,14.23,73.58,0.48
2020/10/22 17:30,207.72,5.59,13.97,74.04,0.27
2020/10/22 18:00,194.93,4.88,13.77,75.37,0.27
2020/10/22 18:30,199.88,5.51,13.59,76.12,0.27
2020/10/22 19:00,199.89,5.10,13.59,75.29,0.27
2020/10/22 19:30,198.79,4.94,13.51,75.47,0.27
2020/10/22 20:00,206.89,5.88,13.61,73.64,0.27
2020/10/22 20:30,206.08,6.45,13.77,70.89,0.29
2020/10/22 21:00,210.31,5.97,13.92,69.84,0.27
2020/10/22 21:30,212.09,6.80,13.94,69.93,0.27
2020/10/22 22:00,208.54,6.61,13.85,70.53,0.28
2020/10/22 22:30,206.18,6.11,13.68,72.74,0.27
2020/10/22 23:00,209.46,6.45,13.59,74.35,0.27
2020/10/22 23:30,210.71,7.13,13.22,77.67,0.28
2020/10/23 0:00,222.66,5.87,12.67,81.46,0.27
2020/10/23 0:30,222.35,5.27,12.31,79.25,0.28
2020/10/23 1:00,216.13,5.24,11.71,79.65,0.27
2020/10/23 1:30,215.44,5.17,11.44,79.98,0.27
2020/10/23 2:00,213.53,5.85,11.22,80.94,0.27
2020/10/23 2:30,216.27,5.42,11.30,80.05,0.22
2020/10/23 3:00,217.27,5.40,11.31,79.57,0.22
2020/10/23 3:30,215.86,4.50,11.19,79.58,0.28
2020/10/23 4:00,210.40,4.52,10.89,80.20,0.28
2020/10/23 4:30,210.55,4.96,10.88,79.70,0.27
2020/10/23 5:00,210.23,5.45,10.85,79.42,0.27
2020/10/23 5:30,219.27,5.81,11.05,79.00,0.29
2020/10/23 6:00,223.65,5.62,10.98,81.48,0.29
2020/10/23 6:30,225.68,4.79,11.07,84.50,0.39
2020/10/23 7:00,223.15,5.42,11.27,83.92,13.64
2020/10/23 7:30,236.64,5.35,11.60,82.62,49.06
2020/10/23 8:00,229.01,4.89,11.77,82.21,72.37
2020/10/23 8:30,224.58,5.09,11.82,82.83,118.52
2020/10/23 9:00,229.40,4.65,12.23,81.55,191.18
2020/10/23 9:30,229.31,4.54,12.55,80.32,230.06
2020/10/23 10:00,228.15,4.15,12.64,79.68,135.84
2020/10/23 10:30,222.24,4.11,12.36,80.36,123.59
2020/10/23 11:00,240.85,4.21,12.06,82.85,144.45
2020/10/23 11:30,236.58,3.79,12.32,81.94,175.30
2020/10/23 12:00,228.91,4.25,12.34,84.28,134.28
2020/10/23 12:30,233.54,4.06,12.72,81.91,105.41
2020/10/23 13:00,237.72,4.60,13.21,77.71,159.28
2020/10/23 13:30,246.90,4.58,13.35,76.07,210.55
2020/10/23 14:00,274.97,3.47,13.39,78.39,213.15
2020/10/23 14:30,259.55,3.63,13.35,76.93,63.48
2020/10/23 15:00,250.72,5.14,12.93,75.24,47.40
2020/10/23 15:30,259.65,2.76,13.27,74.95,28.72
2020/10/23 16:00,224.19,2.56,13.07,74.55,12.52
2020/10/23 16:30,226.95,2.07,13.17,74.13,1.70
2020/10/23 17:00,199.43,2.23,12.71,76.16,0.27
2020/10/23 17:30,185.16,3.09,12.18,79.92,0.28
2020/10/23 18:00,203.25,3.65,12.10,80.80,0.28
2020/10/23 18:30,211.21,3.08,11.90,80.94,0.27
2020/10/23 19:00,207.06,2.27,11.88,77.97,0.28
2020/10/23 19:30,194.15,2.30,11.13,80.70,0.27
2020/10/23 20:00,200.31,2.43,10.89,81.05,0.29
2020/10/23 20:30,193.81,2.71,10.56,83.45,0.23
2020/10/23 21:00,187.15,2.96,10.43,85.17,0.23
2020/10/23 21:30,183.51,3.39,10.53,87.28,0.27
2020/10/23 22:00,187.59,3.61,10.78,86.25,0.28
2020/10/23 22:30,184.73,3.72,10.88,85.01,0.23
2020/10/23 23:00,175.05,4.18,10.97,84.23,0.23
2020/10/23 23:30,176.86,3.97,10.85,84.14,0.24
2020/10/24 0:00,183.29,3.94,10.93,82.61,0.23
2020/10/24 0:30,189.12,4.63,10.98,84.18,0.24
2020/10/24 1:00,185.71,4.52,10.90,88.26,0.22
2020/10/24 1:30,184.73,4.50,11.01,89.11,0.23
2020/10/24 2:00,182.02,4.32,11.31,89.51,0.24
2020/10/24 2:30,181.07,4.67,11.48,90.01,0.24
2020/10/24 3:00,183.26,4.30,11.57,90.32,0.24
2020/10/24 3:30,182.67,3.99,11.57,91.29,0.24
2020/10/24 4:00,182.50,4.38,11.67,92.47,0.23
2020/10/24 4:30,192.88,4.32,12.01,92.04,0.23
2020/10/24 5:00,197.24,4.42,12.26,90.30,0.24
2020/10/24 5:30,208.96,4.16,12.39,89.28,0.23
2020/10/24 6:00,210.06,4.02,12.42,88.73,0.24
2020/10/24 6:30,214.15,4.04,12.34,88.74,0.46
2020/10/24 7:00,213.93,4.24,12.26,88.25,8.79
2020/10/24 7:30,210.11,3.27,12.30,87.96,18.77
2020/10/24 8:00,203.94,3.77,12.09,89.37,22.82
2020/10/24 8:30,205.66,3.52,12.14,88.97,65.88
2020/10/24 9:00,230.81,3.85,12.57,83.81,75.81
2020/10/24 9:30,221.83,3.44,12.77,82.56,98.49
2020/10/24 10:00,223.79,5.01,12.82,80.77,181.31
2020/10/24 10:30,219.46,5.50,13.22,75.61,217.28
2020/10/24 11:00,226.38,5.53,13.36,73.75,163.76
2020/10/24 11:30,240.97,5.66,13.67,70.60,248.13
2020/10/24 12:00,239.55,5.58,13.81,67.91,289.75
2020/10/24 12:30,248.77,6.01,13.65,64.16,203.67
2020/10/24 13:00,248.95,5.79,13.60,65.48,178.82
2020/10/24 13:30,252.56,5.51,13.50,64.53,135.92
2020/10/24 14:00,246.93,5.00,13.75,62.00,120.74
2020/10/24 14:30,235.00,4.53,13.84,60.43,186.29
2020/10/24 15:00,232.74,5.09,13.56,59.54,85.52
2020/10/24 15:30,226.70,3.04,13.64,58.30,63.26
2020/10/24 16:00,208.57,3.18,13.15,61.26,24.25
2020/10/24 16:30,191.85,3.51,12.28,67.94,3.19
2020/10/24 17:00,186.59,3.62,11.93,72.11,0.28
2020/10/24 17:30,184.32,3.51,11.73,72.14,0.24
2020/10/24 18:00,175.89,3.54,11.50,76.34,0.23
2020/10/24 18:30,181.71,2.91,11.35,79.51,0.25
2020/10/24 19:00,178.71,3.43,11.43,79.37,0.24
2020/10/24 19:30,177.28,3.49,11.43,78.97,0.27
2020/10/24 20:00,175.22,3.92,11.63,77.86,0.29
2020/10/24 20:30,174.02,4.58,11.93,78.13,0.25
2020/10/24 21:00,169.53,3.58,12.00,78.67,0.22
2020/10/24 21:30,167.00,4.04,12.06,82.67,0.23
2020/10/24 22:00,176.66,4.55,12.30,85.48,0.24
2020/10/24 22:30,172.94,4.42,12.14,88.06,0.23
2020/10/24 23:00,172.96,4.58,12.14,89.68,0.24
2020/10/24 23:30,174.97,5.25,12.25,90.04,0.23
2020/10/25 0:00,173.61,4.82,12.17,89.32,0.24
2020/10/25 0:30,171.24,4.66,12.26,89.70,0.24
2020/10/25 1:00,172.82,4.92,12.31,89.41,0.22
2020/10/25 1:30,174.59,4.80,12.43,88.16,0.23
2020/10/25 2:00,173.25,5.74,12.59,87.14,0.24
2020/10/25 2:30,174.01,6.37,12.68,86.82,0.24
2020/10/25 3:00,177.56,5.91,12.89,85.58,0.24
2020/10/25 3:30,173.36,6.40,12.96,84.05,0.24
2020/10/25 4:00,171.89,6.29,12.92,83.79,0.23
2020/10/25 4:30,173.34,6.08,13.06,82.97,0.27
2020/10/25 5:00,170.83,6.31,13.02,83.13,0.28
2020/10/25 5:30,170.93,6.87,13.09,82.49,0.24
2020/10/25 6:00,170.70,6.76,13.23,81.33,0.22
2020/10/25 6:30,175.23,6.76,13.22,81.64,0.33
2020/10/25 7:00,172.41,6.67,13.19,81.53,3.74
2020/10/25 7:30,170.87,6.05,13.22,81.74,16.91
2020/10/25 8:00,167.91,6.08,13.34,81.31,45.89
2020/10/25 8:30,169.53,7.04,13.47,80.24,47.83
2020/10/25 9:00,169.84,6.76,13.65,78.97,63.00
2020/10/25 9:30,172.79,7.05,13.71,78.58,85.31
2020/10/25 10:00,171.12,7.73,13.42,79.70,45.40
2020/10/25 10:30,172.05,8.44,13.31,80.12,87.17
2020/10/25 11:00,173.58,8.22,13.52,79.31,112.25
2020/10/25 11:30,172.83,8.24,13.39,80.14,91.61
2020/10/25 12:00,173.53,7.35,13.26,80.68,73.89
2020/10/25 12:30,172.80,6.99,13.27,80.58,118.29
2020/10/25 13:00,173.25,6.49,13.35,80.21,89.60
2020/10/25 13:30,171.99,6.46,13.32,80.47,65.09
2020/10/25 14:00,171.21,6.13,13.19,82.21,39.89
2020/10/25 14:30,175.53,6.54,13.10,83.41,35.23
2020/10/25 15:00,175.08,6.48,13.27,82.67,27.55
2020/10/25 15:30,174.89,6.29,13.03,85.44,11.32
2020/10/25 16:00,176.70,5.59,13.10,85.87,3.02
2020/10/25 16:30,174.30,5.65,13.07,86.02,0.28
2020/10/25 17:00,176.47,5.60,13.00,86.71,0.28
2020/10/25 17:30,178.23,5.02,12.89,88.57,0.25
2020/10/25 18:00,192.74,3.82,12.65,90.67,0.23
2020/10/25 18:30,222.44,3.57,12.32,87.72,0.23
2020/10/25 19:00,190.76,3.39,11.90,89.60,0.24
2020/10/25 19:30,192.63,3.10,11.59,87.97,0.23
2020/10/25 20:00,189.72,2.77,11.34,88.53,0.23
2020/10/25 20:30,178.45,2.74,11.35,91.29,0.23
2020/10/25 21:00,171.79,3.61,11.93,93.37,0.22
2020/10/25 21:30,174.01,3.99,12.02,93.10,0.24
2020/10/25 22:00,178.46,3.21,12.03,93.06,0.24
2020/10/25 22:30,178.11,3.09,11.93,93.14,0.25
2020/10/25 23:00,183.47,3.26,11.90,93.25,0.24
2020/10/25 23:30,184.99,3.50,11.80,93.17,0.24
2020/10/26 0:00,188.01,3.39,11.76,92.93,0.23
2020/10/26 0:30,190.12,3.04,11.80,92.35,0.27
2020/10/26 1:00,192.72,3.34,11.78,91.38,0.28
2020/10/26 1:30,192.66,3.02,11.68,91.10,0.27
2020/10/26 2:00,186.31,2.47,11.56,91.31,0.24
2020/10/26 2:30,178.92,2.62,11.43,91.59,0.22
2020/10/26 3:00,177.06,2.76,11.39,92.06,0.23
2020/10/26 3:30,175.90,3.04,11.23,92.42,0.25
2020/10/26 4:00,176.36,3.04,11.17,92.09,0.28
2020/10/26 4:30,173.65,3.21,11.14,91.89,0.25
2020/10/26 5:00,180.00,3.03,11.18,92.34,0.24
2020/10/26 5:30,183.89,2.63,11.18,92.36,0.24
2020/10/26 6:00,177.05,3.20,11.11,92.49,0.23
2020/10/26 6:30,172.02,3.38,11.06,91.94,0.23
2020/10/26 7:00,166.25,3.25,11.02,92.33,5.20
2020/10/26 7:30,173.18,3.98,11.14,92.11,28.75
2020/10/26 8:00,170.64,4.03,11.44,91.44,40.56
2020/10/26 8:30,180.83,4.03,11.67,90.17,66.28
2020/10/26 9:00,180.48,4.39,11.77,88.20,78.75
2020/10/26 9:30,183.23,4.64,11.68,86.15,65.83
2020/10/26 10:00,187.31,4.09,11.59,86.61,45.82
2020/10/26 10:30,191.77,3.28,11.77,86.66,58.78
2020/10/26 11:00,176.83,3.06,11.85,85.76,62.99
2020/10/26 11:30,182.56,3.16,11.98,84.98,57.58
2020/10/26 12:00,167.07,2.92,12.10,84.51,67.47
2020/10/26 12:30,167.13,2.88,12.09,86.00,61.51
2020/10/26 13:00,165.64,2.87,11.97,86.76,46.81
2020/10/26 13:30,163.92,2.36,11.89,88.09,32.59
2020/10/26 14:00,161.87,3.33,11.89,89.86,23.16
2020/10/26 14:30,176.75,4.14,11.76,92.45,47.42
2020/10/26 15:00,170.62,4.30,11.82,91.72,17.34
2020/10/26 15:30,168.55,4.22,11.72,91.47,6.06
2020/10/26 16:00,177.18,4.46,11.52,91.95,1.41
2020/10/26 16:30,181.30,4.02,11.39,92.41,0.22
2020/10/26 17:00,171.55,4.38,11.34,91.97,0.24
2020/10/26 17:30,152.32,4.24,11.19,91.81,0.24
2020/10/26 18:00,148.16,4.51,11.17,91.19,0.23
2020/10/26 18:30,173.66,3.96,11.23,90.31,0.23
2020/10/26 19:00,170.89,3.95,11.31,90.84,0.24
2020/10/26 19:30,175.87,4.23,11.34,90.60,0.23
2020/10/26 20:00,176.61,4.26,11.30,88.08,0.24
2020/10/26 20:30,182.95,4.43,11.30,86.95,0.24
2020/10/26 21:00,184.43,4.15,11.13,87.60,0.25
2020/10/26 21:30,186.22,4.53,10.97,88.40,0.24
2020/10/26 22:00,184.34,4.20,10.89,87.69,0.24
2020/10/26 22:30,189.68,3.60,10.81,86.58,0.24
2020/10/26 23:00,191.47,3.70,10.72,85.61,0.23
2020/10/26 23:30,192.54,4.37,10.57,85.39,0.24
2020/10/27 0:00,193.18,3.56,10.46,85.16,0.24
2020/10/27 0:30,195.66,3.28,10.27,85.55,0.23
2020/10/27 1:00,194.07,3.72,9.98,85.73,0.25
2020/10/27 1:30,187.42,4.11,9.71,85.50,0.24
2020/10/27 2:00,184.87,3.49,9.59,85.51,0.24
2020/10/27 2:30,186.73,4.03,9.52,84.73,0.25
2020/10/27 3:00,182.28,3.85,9.47,83.80,0.24
2020/10/27 3:30,185.19,4.41,9.57,80.47,0.23
2020/10/27 4:00,184.25,3.90,9.72,80.37,0.25
2020/10/27 4:30,187.52,4.43,9.69,81.57,0.25
2020/10/27 5:00,184.98,4.22,9.52,81.73,0.25
2020/10/27 5:30,179.53,4.77,9.47,82.04,0.24
2020/10/27 6:00,179.88,4.66,9.56,81.23,0.24
2020/10/27 6:30,181.88,4.86,9.53,81.79,0.23
2020/10/27 7:00,182.14,5.03,9.61,81.30,2.69
2020/10/27 7:30,186.56,5.44,9.63,81.33,9.68
2020/10/27 8:00,181.32,5.65,9.57,81.48,16.68
2020/10/27 8:30,183.92,5.69,9.71,80.85,33.28
2020/10/27 9:00,180.60,6.24,9.78,81.00,64.24
2020/10/27 9:30,183.00,5.73,9.93,79.91,100.35
2020/10/27 10:00,177.62,5.72,10.28,77.91,89.51
2020/10/27 10:30,181.55,5.74,10.43,78.27,70.63
2020/10/27 11:00,179.52,6.09,10.44,79.13,60.56
2020/10/27 11:30,182.07,6.00,10.48,77.68,121.53
2020/10/27 12:00,177.84,5.72,10.72,74.35,144.45
2020/10/27 12:30,183.11,6.20,10.88,74.14,124.47
2020/10/27 13:00,190.83,4.95,10.92,73.42,106.15
2020/10/27 13:30,200.40,4.83,10.89,73.09,86.32
2020/10/27 14:00,187.33,5.27,10.92,72.60,70.17
2020/10/27 14:30,191.76,5.32,11.01,71.25,49.56
2020/10/27 15:00,185.21,5.97,10.85,71.37,42.42
2020/10/27 15:30,189.29,5.50,10.77,73.19,20.91
2020/10/27 16:00,187.24,4.93,10.75,73.98,9.07
2020/10/27 16:30,181.68,4.70,10.73,73.79,1.80
2020/10/27 17:00,183.67,4.84,10.57,73.74,0.24
2020/10/27 17:30,178.00,5.30,10.56,76.08,0.24
2020/10/27 18:00,176.68,5.27,10.56,77.83,0.23
2020/10/27 18:30,177.34,4.76,10.63,76.81,0.24
2020/10/27 19:00,179.28,5.33,10.64,76.59,0.25
2020/10/27 19:30,179.88,5.43,10.68,76.08,0.23
2020/10/27 20:00,179.04,5.42,10.63,77.26,0.24
2020/10/27 20:30,177.05,6.10,10.56,78.07,0.24
2020/10/27 21:00,180.72,6.05,10.40,78.62,0.25
2020/10/27 21:30,182.48,5.57,10.38,78.95,0.25
2020/10/27 22:00,178.68,6.08,10.47,78.39,0.24
2020/10/27 22:30,177.40,5.57,10.50,77.78,0.23
2020/10/27 23:00,172.92,5.98,10.40,78.82,0.24
2020/10/27 23:30,176.58,6.53,10.64,77.46,0.25
2020/10/28 0:00,175.10,6.89,10.80,76.30,0.25
2020/10/28 0:30,173.28,6.70,10.81,76.34,0.25
2020/10/28 1:00,175.12,7.38,10.80,76.07,0.25
2020/10/28 1:30,172.12,6.61,10.89,75.21,0.24
2020/10/28 2:00,171.45,7.13,10.89,74.60,0.24
2020/10/28 2:30,173.62,7.43,10.77,75.45,0.24
2020/10/28 3:00,171.77,8.08,10.65,76.64,0.23
2020/10/28 3:30,173.53,7.96,10.52,77.68,0.25
2020/10/28 4:00,176.08,7.32,10.39,78.28,0.24
2020/10/28 4:30,175.10,7.74,10.10,81.95,0.24
2020/10/28 5:00,172.20,7.87,9.50,89.10,0.25
2020/10/28 5:30,176.55,7.83,9.36,91.42,0.25
2020/10/28 6:00,176.48,7.00,9.50,90.97,0.22
2020/10/28 6:30,183.10,7.21,9.50,90.82,0.25
2020/10/28 7:00,183.08,6.52,9.46,91.49,0.53
2020/10/28 7:30,186.81,6.18,9.60,91.25,2.77
2020/10/28 8:00,189.13,5.71,9.85,90.60,6.74
2020/10/28 8:30,192.91,4.70,10.18,90.19,26.08
2020/10/28 9:00,209.88,5.03,10.69,88.13,84.47
2020/10/28 9:30,212.76,5.30,11.07,85.31,165.69
2020/10/28 10:00,209.53,4.59,11.48,83.60,161.83
2020/10/28 10:30,211.94,5.04,11.82,79.55,186.20
2020/10/28 11:00,216.84,5.02,12.40,73.60,257.74
2020/10/28 11:30,221.70,5.20,12.78,70.38,196.53
2020/10/28 12:00,198.92,4.85,13.13,70.10,339.63
2020/10/28 12:30,192.54,5.38,12.90,69.11,255.40
2020/10/28 13:00,195.91,4.87,12.53,68.42,173.00
2020/10/28 13:30,201.18,4.84,12.42,68.02,159.52
2020/10/28 14:00,197.63,4.83,12.59,67.86,125.37
2020/10/28 14:30,193.79,5.14,12.46,67.96,107.35
2020/10/28 15:00,192.13,4.83,12.26,70.11,79.91
2020/10/28 15:30,185.08,6.16,12.07,71.95,65.44
2020/10/28 16:00,188.62,4.82,11.92,71.65,19.81
2020/10/28 16:30,178.51,4.22,11.61,73.92,1.48
2020/10/28 17:00,168.29,4.76,11.47,78.28,0.23
2020/10/28 17:30,172.19,4.58,11.35,80.62,0.23
2020/10/28 18:00,176.85,4.92,11.43,80.04,0.23
2020/10/28 18:30,179.02,5.05,11.52,79.15,0.25
2020/10/28 19:00,182.54,5.33,11.47,76.48,0.24
2020/10/28 19:30,179.41,4.59,11.31,76.87,0.23
2020/10/28 20:00,179.04,4.45,11.21,78.69,0.24
2020/10/28 20:30,180.73,5.45,11.31,76.28,0.24
2020/10/28 21:00,187.05,5.23,11.28,73.42,0.24
2020/10/28 21:30,184.80,4.77,11.35,72.33,0.24
2020/10/28 22:00,178.78,4.79,11.31,76.42,0.23
2020/10/28 22:30,185.35,5.18,11.09,76.52,0.23
2020/10/28 23:00,184.02,4.63,11.01,76.85,0.24
2020/10/28 23:30,182.92,4.87,10.89,76.62,0.24
2020/10/29 0:00,182.24,4.78,10.82,74.92,0.24
2020/10/29 0:30,180.00,4.91,10.86,74.41,0.24
2020/10/29 1:00,179.51,4.87,10.78,75.92,0.23
2020/10/29 1:30,175.67,4.94,10.89,79.18,0.25
2020/10/29 2:00,172.76,5.27,10.97,79.39,0.23
2020/10/29 2:30,174.74,4.80,11.00,79.91,0.25
2020/10/29 3:00,176.48,4.56,10.89,79.03,0.25
2020/10/29 3:30,179.51,3.62,10.55,82.62,0.25
2020/10/29 4:00,172.89,4.64,10.34,86.79,0.25
2020/10/29 4:30,183.81,5.02,10.10,87.59,0.24
2020/10/29 5:00,183.31,5.51,9.93,87.56,0.25
2020/10/29 5:30,177.20,4.33,9.93,88.41,0.24
2020/10/29 6:00,174.43,4.77,9.68,90.03,0.24
2020/10/29 6:30,178.27,3.68,9.50,87.42,0.24
2020/10/29 7:00,185.01,2.91,9.47,86.72,2.06
2020/10/29 7:30,200.44,2.67,9.57,88.73,6.52
2020/10/29 8:00,197.38,2.07,9.55,90.47,12.12
2020/10/29 8:30,197.60,2.51,9.77,89.27,30.01
2020/10/29 9:00,189.83,2.51,9.64,87.86,61.57
2020/10/29 9:30,196.05,2.57,10.07,87.57,99.70
2020/10/29 10:00,211.77,3.30,10.14,83.56,123.19
2020/10/29 10:30,221.50,3.05,10.14,82.14,78.92
2020/10/29 11:00,229.22,2.93,10.47,81.87,99.70
2020/10/29 11:30,247.75,4.10,10.30,83.45,119.91
2020/10/29 12:00,262.92,3.88,10.31,83.23,94.77
2020/10/29 12:30,253.68,4.48,10.46,81.88,87.87
2020/10/29 13:00,256.65,4.14,10.72,79.80,113.26
2020/10/29 13:30,257.15,5.01,10.60,78.97,114.19
2020/10/29 14:00,252.52,4.37,10.31,81.48,95.02
2020/10/29 14:30,253.72,4.91,10.51,79.96,45.45
2020/10/29 15:00,259.34,4.79,10.48,79.16,20.45
2020/10/29 15:30,260.58,4.53,10.19,83.10,26.24
2020/10/29 16:00,279.54,4.27,10.03,86.49,27.69
2020/10/29 16:30,268.79,3.36,10.42,83.46,0.25
2020/10/29 17:00,256.80,3.46,10.52,79.80,0.24
2020/10/29 17:30,252.57,3.20,10.14,80.48,0.25
2020/10/29 18:00,253.61,3.23,9.81,81.88,0.24
2020/10/29 18:30,244.44,2.70,9.80,81.75,0.24
2020/10/29 19:00,238.63,2.94,9.63,81.93,0.25
2020/10/29 19:30,239.02,3.31,9.47,81.14,0.24
2020/10/29 20:00,243.70,2.98,9.23,80.93,0.25
2020/10/29 20:30,245.25,2.67,9.14,81.66,0.24
2020/10/29 21:00,240.28,2.36,8.98,82.02,0.24
2020/10/29 21:30,235.61,2.07,8.94,82.20,0.25
2020/10/29 22:00,226.94,2.52,8.82,82.30,0.24
2020/10/29 22:30,226.97,2.79,8.59,83.38,0.24
2020/10/29 23:00,229.18,2.73,8.44,84.55,0.25
2020/10/29 23:30,236.51,2.80,8.38,84.99,0.25
2020/10/30 0:00,234.81,2.41,8.40,84.82,0.24
2020/10/30 0:30,228.97,2.38,8.55,84.45,0.25
2020/10/30 1:00,229.09,2.30,8.56,84.44,0.25
2020/10/30 1:30,229.27,2.45,8.89,83.92,0.25
2020/10/30 2:00,217.25,2.35,8.47,86.32,0.25
2020/10/30 2:30,207.53,2.22,7.90,90.11,0.25
2020/10/30 3:00,197.69,1.93,7.78,91.56,0.24
2020/10/30 3:30,199.08,2.05,7.86,92.43,0.25
2020/10/30 4:00,198.85,2.26,8.18,92.72,0.26
2020/10/30 4:30,190.72,2.28,8.35,93.00,0.25
2020/10/30 5:00,171.37,2.30,8.51,93.39,0.24
2020/10/30 5:30,170.67,2.25,8.71,93.57,0.25
2020/10/30 6:00,171.01,2.11,8.75,93.35,0.25
2020/10/30 6:30,161.91,2.24,9.06,93.00,0.24
2020/10/30 7:00,124.73,1.38,9.90,89.17,0.41
2020/10/30 7:30,152.63,2.25,9.61,89.04,5.12
2020/10/30 8:00,164.87,3.35,9.77,90.62,15.58
2020/10/30 8:30,130.89,2.11,10.73,86.33,22.29
2020/10/30 9:00,144.35,2.73,10.17,88.20,32.93
2020/10/30 9:30,151.08,2.50,10.15,89.92,47.46
2020/10/30 10:00,139.11,2.84,10.31,88.94,50.91
2020/10/30 10:30,135.52,3.01,10.43,89.03,58.33
2020/10/30 11:00,125.44,3.19,10.06,91.08,74.26
2020/10/30 11:30,127.32,3.37,10.00,91.76,76.12
2020/10/30 12:00,126.80,3.06,10.02,92.10,58.86
2020/10/30 12:30,139.12,3.19,10.15,91.78,53.66
2020/10/30 13:00,139.29,3.39,10.26,91.75,68.95
2020/10/30 13:30,139.55,3.90,10.28,90.43,60.30
2020/10/30 14:00,129.04,3.02,10.27,90.56,51.56
2020/10/30 14:30,141.68,3.76,10.23,90.29,48.18
2020/10/30 15:00,137.07,3.20,10.42,88.99,41.94
2020/10/30 15:30,133.98,3.01,10.53,89.93,11.75
2020/10/30 16:00,132.70,3.21,10.52,90.61,2.18
2020/10/30 16:30,140.47,3.67,10.51,90.15,0.25
2020/10/30 17:00,141.70,3.67,10.57,89.62,0.24
2020/10/30 17:30,133.52,4.17,10.64,88.89,0.24
2020/10/30 18:00,139.93,3.64,10.68,88.02,0.24
2020/10/30 18:30,143.35,4.01,10.53,87.85,0.24
2020/10/30 19:00,135.27,3.51,10.17,92.29,0.25
2020/10/30 19:30,141.84,3.45,10.11,94.30,0.25
2020/10/30 20:00,140.35,4.26,10.10,94.51,0.24
2020/10/30 20:30,151.18,3.20,10.22,94.80,0.24
2020/10/30 21:00,154.51,3.56,10.21,94.67,0.23
2020/10/30 21:30,139.71,3.69,10.21,94.83,0.24
2020/10/30 22:00,142.33,3.84,10.28,95.26,0.24
2020/10/30 22:30,139.90,3.90,10.39,95.49,0.25
2020/10/30 23:00,140.72,2.83,10.56,95.62,0.25
2020/10/30 23:30,158.52,3.32,10.65,95.67,0.24
2020/10/31 0:00,157.67,2.88,10.77,95.88,0.23
2020/10/31 0:30,155.69,2.77,10.88,96.23,0.26
2020/10/31 1:00,156.41,2.44,11.02,96.45,0.25
2020/10/31 1:30,158.01,2.11,11.17,96.66,0.25
2020/10/31 2:00,162.47,1.84,11.25,96.89,0.24
2020/10/31 2:30,168.86,1.40,11.30,97.17,0.25
2020/10/31 3:00,165.91,1.42,11.30,97.35,0.23
2020/10/31 3:30,169.39,1.78,11.35,97.48,0.24
2020/10/31 4:00,175.97,1.52,11.39,97.50,0.23
2020/10/31 4:30,165.32,1.65,11.35,97.53,0.24
2020/10/31 5:00,166.93,1.68,11.35,97.59,0.24
2020/10/31 5:30,205.08,1.37,11.42,97.68,0.23
2020/10/31 6:00,259.16,0.98,11.96,97.63,0.24
2020/10/31 6:30,210.30,1.23,11.51,97.40,0.25
2020/10/31 7:00,196.44,1.08,11.47,97.43,2.30
2020/10/31 7:30,212.94,0.92,11.51,97.48,7.84
2020/10/31 8:00,173.24,1.11,11.56,97.49,31.60
2020/10/31 8:30,168.35,0.67,11.68,97.47,53.79
2020/10/31 9:00,157.01,0.82,11.72,97.26,70.49
2020/10/31 9:30,82.27,1.15,12.68,93.50,82.31
2020/10/31 10:00,75.02,1.30,13.56,87.59,54.39
2020/10/31 10:30,88.06,1.70,13.35,88.75,74.10
2020/10/31 11:00,125.10,2.01,12.59,93.28,93.46
2020/10/31 11:30,141.34,2.04,12.52,95.02,93.98
2020/10/31 12:00,138.36,1.96,12.89,94.75,86.89
2020/10/31 12:30,146.92,2.68,12.80,94.91,86.55
2020/10/31 13:00,153.97,2.70,12.76,94.56,79.59
2020/10/31 13:30,163.28,2.88,12.65,95.17,75.27
2020/10/31 14:00,166.90,3.06,12.59,95.17,61.33
2020/10/31 14:30,158.78,2.96,12.68,95.01,24.99
2020/10/31 15:00,168.71,3.31,12.64,93.93,17.25
2020/10/31 15:30,161.17,2.71,12.68,92.93,18.91
2020/10/31 16:00,163.25,2.90,12.72,92.84,5.27
2020/10/31 16:30,164.64,3.02,12.64,93.41,1.06
2020/10/31 17:00,173.22,3.31,12.22,93.07,0.26
2020/10/31 17:30,159.60,2.42,12.06,93.14,0.23
2020/10/31 18:00,146.90,2.34,12.07,92.69,0.27
2020/10/31 18:30,136.16,3.15,11.89,92.77,0.28
2020/10/31 19:00,145.54,3.25,11.69,93.43,0.25
2020/10/31 19:30,140.04,3.35,11.68,95.02,0.23
2020/10/31 20:00,141.30,3.38,11.89,95.66,0.23
2020/10/31 20:30,144.75,4.72,12.56,95.51,0.23
2020/10/31 21:00,158.96,4.05,12.85,95.07,0.24
2020/10/31 21:30,155.41,4.59,12.89,94.67,0.23
2020/10/31 22:00,159.56,4.50,12.85,94.17,0.24
2020/10/31 22:30,155.75,4.68,12.88,93.59,0.24
2020/10/31 23:00,153.27,4.88,12.84,92.59,0.23
2020/10/31 23:30,160.79,5.64,13.06,88.23,0.22
